#,Player,Team,GP,MPG,FGM,FGA,FG%,3PM,3PA,3P%,FTM,FTA,FT%,TOV,PF,ORB,DRB,RPG,APG,SPG,BPG,PPG
1,Chris Clemons,CAM,33,36.6,9.2,20.6,0.448,4.2,11.8,0.357,7.5,8.6,0.869,2.5,1.9,0.8,4.3,5.1,2.8,1.5,0.3,30.1
2,Justin Wright-Foreman,HOF,35,37.7,9.4,18.5,0.511,3.1,7.4,0.425,5.1,5.9,0.864,2.6,1.9,0.3,3.7,4,2.9,0.9,0.2,27.1
3,Antoine Davis,UDM,30,37.4,8.8,21.9,0.4,4.4,11.6,0.38,4.2,4.9,0.857,3.3,2.3,0.7,2.4,3.1,3.6,0.9,0,26.1
4,Mike Daum,SDSU,33,33.3,8.7,16.9,0.512,2,5.5,0.37,5.9,7.1,0.838,2.2,2.9,2.4,9.3,11.7,1.8,0.7,1,25.3
5,Markus Howard,MU,34,33.5,7.4,17.6,0.42,3.5,8.8,0.403,6.7,7.5,0.89,3.9,2.1,0.4,3.6,4,3.9,1.1,0,25
6,Lamine Diane,CSUN,33,35.3,10.3,21.2,0.485,0.2,0.7,0.304,4,7.6,0.522,3.2,3.4,3.3,7.9,11.2,2.1,1.5,2.2,24.8
7,Ja Morant,MSU,33,36.6,8,16.1,0.499,1.7,4.8,0.363,6.7,8.2,0.812,5.2,1.5,1.2,4.5,5.7,10,1.8,0.8,24.5
8,Jermaine Marrow,HU,35,36.4,7.8,18.5,0.422,2.5,6.8,0.37,6.2,7.7,0.81,3.2,3.1,0.7,3.3,4.1,4.9,1.6,0.2,24.4
9,Carsen Edwards,PU,36,35.4,7.7,19.5,0.394,3.8,10.6,0.355,5.1,6.1,0.837,3.1,2,0.4,3.2,3.6,2.9,1.3,0.3,24.3
10,Nick Mayo,EKU,31,34.8,7.9,17.1,0.462,1.7,5.3,0.331,6.1,7.1,0.864,2.7,2.7,2.3,6.5,8.7,2.3,1.2,1.8,23.7
11,Jordan Davis,UNC,32,33.8,8,16.9,0.474,1.7,4.7,0.36,5.8,7.2,0.805,3.3,2.3,0.9,3.8,4.7,4.7,1.4,0.3,23.5
12,Cameron Young,QU,31,35.9,7.2,14.9,0.482,3.4,7.7,0.437,5.8,7.6,0.766,2.9,2.2,1,4.1,5.1,1.9,1.1,0.3,23.5
13,Myles Powell,SHU,34,36,7.4,16.6,0.447,3.1,8.7,0.363,5.1,6.1,0.84,3,2.2,0.8,3.2,4,2.9,2,0.2,23.1
14,Jhivvan Jackson,UTSA,29,30.9,7.7,19.8,0.386,3.6,10.2,0.351,4,4.7,0.846,2.3,2.8,0.4,3.6,4.1,2.4,1.2,0.1,22.9
15,R.J. Barrett,DUKE,38,35.3,8.4,18.5,0.454,1.9,6.2,0.308,3.9,5.9,0.665,3.2,1.8,1.6,6,7.6,4.3,0.9,0.4,22.6
16,Zion Williamson,DUKE,33,30,9,13.2,0.68,0.7,2.2,0.338,3.9,6.2,0.64,2.4,2.1,3.5,5.4,8.9,2.1,2.1,1.8,22.6
17,Ty Cockfield,ASU,32,35,7.4,16.9,0.439,2.2,6.1,0.356,5.4,6.6,0.82,2.9,2,0.8,2.8,3.6,3.2,1.1,0.1,22.4
18,Matt Morgan,COR,31,32.3,6.9,13.5,0.512,3.3,7.7,0.431,5,5.8,0.86,3.4,2,0.2,4.3,4.5,3,1.4,0.3,22.2
19,Justin James,UW,32,38.2,7.1,17.4,0.409,1.6,5.3,0.296,6.2,8.4,0.741,4.2,2.1,1,7.5,8.5,4.4,1.5,0.6,22.1
20,Grant Riller,C of C,33,35.5,8,14.9,0.538,1.4,4.2,0.329,4.5,5.6,0.806,2.4,1.7,0.6,2.8,3.4,4.1,1.2,0.1,21.9
21,Jon Davis,CHAR,29,37.1,6.6,15.2,0.433,2.5,7.4,0.338,6,7.1,0.854,4.2,1.5,0.4,4.1,4.5,3.7,0.8,0.4,21.7
22,Robert Franks,WSU,27,34.4,7.4,15.1,0.493,2.8,7,0.399,3.9,4.6,0.848,3.2,2.5,1.4,5.9,7.2,2.6,0.7,0.7,21.6
23,Jaylin Walker,KSU,27,36,6.7,17.3,0.387,3.4,9,0.383,4.7,5.9,0.804,2.7,1.3,1.7,4,5.7,2.1,1.3,0.1,21.6
24,Bubba Parham,VMI,32,33.9,6.6,15.4,0.425,3.6,9.1,0.397,4.7,5.9,0.794,2.6,1.9,0.3,3.1,3.4,3.5,0.6,0,21.4
25,Jerrick Harding,WSU,30,33.9,7.1,15,0.47,2.1,5.8,0.366,5.1,5.9,0.87,2.1,2.2,0.5,2.9,3.4,1.4,1.6,0.4,21.4
26,R.J. Cole,HU,34,35.6,6.4,15.4,0.415,2.5,6.4,0.387,6.1,7.4,0.818,3.2,2.2,0.7,3.4,4.1,6.4,1.9,0,21.4
27,Andrew Kostecka,L-MD,32,33.2,7.5,14.4,0.523,1.5,3.9,0.381,4.8,5.8,0.813,2.8,3.1,1.2,3.6,4.8,2.4,2.7,0.9,21.3
28,Dylan Windler,BEL,33,33.2,7.4,13.6,0.54,3,7.1,0.429,3.5,4.2,0.847,2.1,2.1,1.9,8.9,10.8,2.5,1.4,0.6,21.3
29,Yoeli Childs,BYU,32,33.3,8.1,15.9,0.508,1,3.1,0.323,4.1,5.8,0.708,2.8,2.6,2,7.6,9.6,2.1,1,1,21.2
30,Anthony Lamb,UVM,32,31.6,7.6,14.7,0.515,1.6,4.3,0.365,4.5,5.9,0.762,2.2,2,1.7,6.1,7.8,2.2,0.9,1.9,21.2
31,Jordan Ford,SMC,34,36.9,7.5,15.3,0.489,2.1,5,0.412,4,5,0.8,1.9,1.7,0.5,2.3,2.8,2.5,1.3,0,21.1
32,Daishon Smith,ULM,32,34.6,6.1,13.8,0.443,3.4,8.6,0.4,5.4,6.3,0.861,2.2,1.8,0.7,3.8,4.5,3.9,2.2,0.1,21
33,Nathan Knight,W&M,31,30.6,7.6,13.2,0.578,0.3,1.3,0.244,5.5,7.5,0.732,2.7,3,2.7,5.9,8.6,3.5,0.4,2.3,21
34,Garrison Mathews,LIP,36,30.1,6.2,13.9,0.444,3.2,8,0.403,5.3,6.1,0.86,2.3,1.9,0.7,4.8,5.5,1.9,0.8,0.2,20.9
35,Sam Merrill,USU,35,35.3,6.5,14.1,0.461,2.5,6.5,0.376,5.4,5.9,0.909,1.9,2.5,0.3,3.6,3.9,4.1,1.1,0.3,20.9
36,Martaveous McKnight,UAPB,32,36.8,7.1,16,0.442,2.3,6,0.387,4.4,6.2,0.709,2.7,1.2,0.7,4.3,5,2.9,1.5,0.3,20.8
37,Tres Tinkle,OSU,30,36.4,7.2,14.8,0.483,1.8,5.4,0.329,4.7,6.1,0.77,3,2.1,2,6.1,8.1,3.8,1.7,0.5,20.8
38,JaKeenan Gant,LA,31,32.3,7.9,14.5,0.545,1.4,3.6,0.378,3.3,4.2,0.786,2.1,2.7,3.1,5.5,8.6,1.3,0.8,2.6,20.5
39,Tyler Hall,MSU,32,33.5,7.3,16.3,0.447,3.6,9.6,0.377,2.3,2.8,0.833,2.1,1.9,0.7,4.1,4.7,2.8,1.1,0.3,20.5
40,Terry Taylor,APSU,33,33.1,7.8,14.7,0.531,1.5,4.5,0.34,3.3,4.5,0.741,1.9,2,3.4,5.5,8.9,1.7,1.1,0.9,20.5
41,Eugene German,NIU,31,32.7,7.4,15,0.49,2.8,6.8,0.414,2.8,4.1,0.688,2.4,2,0.5,4.6,5.2,2.9,1.2,0.2,20.4
42,Rayjon Tucker,UALR,30,36.6,6.2,12.7,0.491,2.4,5.8,0.411,5.5,7,0.777,2.6,2.3,0.8,6,6.7,1.8,1.1,0.4,20.3
43,Jon Elmore,MU,37,35.9,6.3,16.1,0.393,3.1,8.5,0.364,4.5,5.8,0.789,3.1,2,0.3,4.8,5.1,5.1,1.7,0.5,20.3
44,Fletcher Magee,WC,35,31.4,6.4,14.7,0.439,4.5,10.8,0.419,2.9,3.2,0.91,1.4,1.4,0.4,2.2,2.5,1.6,0.7,0.1,20.3
45,Lew Stallworth,CIT,29,33.4,7.6,14.4,0.527,1.2,3.3,0.375,3.7,5,0.74,3.6,2.8,0.4,4.9,5.3,6.2,1,0,20.2
46,Keaton Wallace,UTSA,32,34.9,6.7,15.9,0.422,3.8,9.9,0.382,3,3.5,0.856,2.2,2.2,0.8,4.2,5,2.4,1.3,0.7,20.2
47,Max Strus,DEP,35,37.4,6.6,15.5,0.429,3.2,8.9,0.363,3.7,4.3,0.842,2,2.9,1.1,4.8,5.9,2.2,0.9,0.5,20.1
48,Lamar Stevens,PSU,32,36.9,7.2,17,0.422,0.6,2.8,0.22,4.9,6.4,0.77,2.8,2.6,1.7,6,7.7,2.1,0.7,0.8,19.9
49,Sa'eed Nelson,AU,30,36.5,6.8,13.3,0.507,0.9,2.8,0.306,5.4,7.6,0.718,3.6,2.3,1,4.6,5.6,5.1,2.4,0.5,19.8
50,Shizz Alston,TEM,33,36.8,6.3,15.5,0.405,3,8.6,0.35,4.2,4.6,0.908,2.5,1.9,0.5,2.2,2.8,5,1.5,0.2,19.7
51,Rui Hachimura,GU,37,30.2,7.4,12.6,0.591,0.4,1,0.417,4.4,6,0.739,1.8,2,1.4,5.1,6.5,1.5,0.9,0.7,19.7
52,Shamorie Ponds,STJ,33,35.1,6.5,14.5,0.453,2,5.6,0.353,4.6,5.5,0.836,2,2,1,3.2,4.1,5.1,2.6,0.3,19.7
53,Jeremiah Martin,UM,36,34.3,6.1,13.6,0.451,1.8,5.3,0.346,5.6,7.4,0.762,2.6,1.9,1.1,3.2,4.2,4.4,2.2,0.6,19.7
54,"James Palmer, Jr.",UNL,36,35.1,5.9,16.1,0.369,1.9,5.9,0.313,6,7.8,0.762,2.1,2.2,1.1,3.1,4.2,3,1.4,0.4,19.7
55,David Jenkins,SDSU,32,33.1,6.4,14,0.458,3.5,7.7,0.453,3.3,4.2,0.793,2.6,2.8,0.4,2.9,3.4,1.5,0.5,0,19.7
56,John Konchar,IPFW,33,34.3,7,12.8,0.546,1.6,4.2,0.381,3.8,5.4,0.713,2.8,2.1,2.2,6.3,8.5,5.4,2,0.9,19.5
57,Jahaad Proctor,HP,31,34.6,6.8,14.6,0.464,1.8,5.4,0.331,4.1,5.4,0.771,2.2,1.6,0.6,3.3,3.8,3.3,1.3,0.4,19.5
58,Dedric Lawson,KU,36,32.6,6.9,14.1,0.49,1,2.5,0.393,4.6,5.7,0.815,2.3,2.6,3.1,7.2,10.3,1.7,1.2,1.1,19.4
59,Marcquise Reed,CLEM,31,35.4,6.5,14.8,0.44,1.5,4.4,0.356,4.8,5.7,0.843,2.7,1.9,0.7,4.8,5.5,3,2.1,0,19.4
60,Jarrell Brantley,C of C,33,33.9,7.2,13.9,0.517,1.2,3.5,0.328,3.9,4.9,0.785,2.6,2.7,1.7,6.7,8.4,2.4,1.4,0.9,19.4
61,Colbey Ross,PU,34,34.9,5.3,12.1,0.437,1.9,4.7,0.396,7,8.2,0.853,4.3,2.7,0.4,2.6,2.9,7,1.2,0.1,19.4
62,Caleb Martin,UNR,34,34.1,5.9,14.5,0.409,3.1,9.3,0.338,4.3,5.8,0.732,1.9,2.4,0.9,4.3,5.1,2.8,1.4,0.8,19.2
63,Terrell Gomez,CSUN,34,37.7,6.3,14,0.45,3.4,8.2,0.419,3.1,3.6,0.877,1.8,1.3,0.4,1.7,2.1,2.8,1.1,0,19.2
64,Charlie Brown,SJU,32,35.6,6.4,14.9,0.43,2,5.5,0.356,4.2,5,0.845,1.8,2.6,2.1,4.1,6.2,1.5,1.1,0.8,19
65,Ky Bowman,BC,31,39.4,6.3,15.6,0.404,2.5,6.8,0.374,3.8,5,0.761,2.9,2.6,0.8,6.7,7.5,4,1.4,0.6,19
66,Milan Acquaah,CBU,31,32.1,6.2,14.8,0.415,2.5,6.5,0.374,4.2,4.9,0.85,3.3,2.6,0.7,4.4,5,3.4,1.6,0.1,19
67,Tyler Hooker,KENN,31,36.2,6.5,16.4,0.393,1.1,4,0.28,4.9,5.9,0.832,2.8,2.2,0.8,4,4.7,3,1.5,0.2,19
68,Jailyn Ingram,FAU,10,29.7,7.3,13.1,0.557,1.7,4,0.425,2.6,3,0.867,3.6,2.6,2.9,5.3,8.2,2,0.8,1,18.9
69,Raiquan Clark,LIU,32,32.3,6.9,13.7,0.503,0.6,2.6,0.244,4.5,6.4,0.699,4.4,3.1,1.9,4.8,6.8,2,1.2,0.7,18.9
70,Deishuan Booker,LBSU,33,32.1,5,11,0.455,1.3,3.5,0.362,7.6,8.3,0.912,3.9,2.4,0.5,3,3.5,4.4,1.3,0.1,18.8
71,Grant Williams,UT,37,31.9,6.3,11.2,0.564,0.4,1.2,0.326,5.8,7,0.819,2.2,3,2.2,5.3,7.5,3.2,1.1,1.5,18.8
72,Isaiah Pineiro,USD,36,34.7,6.4,13.2,0.487,1.1,3.3,0.336,4.8,5.9,0.82,3,3.3,1.9,7.5,9.4,2.1,1.2,0.5,18.8
73,Cassius Winston,MSU,39,33.5,6.2,13.5,0.46,2.2,5.4,0.398,4.2,5,0.84,2.9,1.9,0.3,2.7,3,7.5,1,0.1,18.8
74,Jarron Cumberland,UC,35,32.5,5.9,14.6,0.404,2.3,5.9,0.388,4.7,6,0.773,2.7,2.3,1.1,3.3,4.4,3.6,1.1,0.4,18.8
75,Marial Shayok,ISU,34,32.9,6.7,13.6,0.496,2.1,5.4,0.386,3.2,3.6,0.878,2.7,2.1,1.4,3.5,4.9,2,0.9,0.2,18.7
76,Christian Lutete,UML,32,33.9,6.7,12.5,0.534,2.2,5.5,0.395,3.2,4.4,0.718,2.5,1.9,1.3,6.3,7.6,1.4,0.7,0.1,18.7
77,Drew McDonald,NKU,34,30.6,6.2,13.1,0.472,2,5,0.394,4.3,5.4,0.798,2.3,1.9,2,7.4,9.4,2.8,0.5,0.4,18.7
78,Christian Keeling,CSU,34,32.2,6.3,13.5,0.465,2.4,6.3,0.38,3.7,4.8,0.773,2.7,2,0.9,6.1,6.9,2.8,1.3,0.7,18.7
79,Camron Justice,IUPUI,33,32.7,5.9,13.9,0.425,2.7,7.8,0.352,4.1,4.8,0.854,2.5,2.2,0.3,2.9,3.2,2.9,1.3,0,18.6
80,Phil Booth,VILL,36,35.1,6.1,13.9,0.434,2.6,7.2,0.367,3.8,5.1,0.749,2.3,1.9,0.4,3.5,3.9,3.8,0.8,0.2,18.6
81,Jarrett Culver,TTU,38,32.5,6.7,14.5,0.461,1.3,4.2,0.304,3.9,5.5,0.707,2.7,1.9,1.4,5,6.4,3.7,1.5,0.6,18.5
82,Quinndary Weatherspoon,MSU,34,34,6.3,12.3,0.508,1.6,4.1,0.396,4.4,5.4,0.809,2.9,2.1,1.3,3.4,4.7,2.8,1.7,0.3,18.5
83,Braxton Huggins,CSUF,31,29.8,6.1,14.4,0.425,3.3,8.5,0.385,3,3.7,0.793,2.2,2.2,0.6,3.6,4.3,1.7,1.1,0.3,18.5
84,D'Marcus Simonds,GSU,34,35.7,6.4,15.6,0.413,1.7,5.9,0.282,3.8,5.8,0.66,3.7,2.4,0.7,4.2,5,3.6,1.3,1,18.4
85,Ronshad Shabazz,ASU,32,32.2,6.3,14.4,0.441,2.5,6.6,0.376,3.2,3.9,0.815,2.2,1.5,0.6,2.7,3.3,2.3,0.8,0.1,18.3
86,Xavier Hill-Mais,OU,34,30.6,7.1,13.1,0.537,1.1,3.1,0.349,3.1,4.3,0.707,2.9,2.7,2.1,4.9,7,2.4,0.6,0.9,18.3
87,Justin Turner,BGSU,34,32.2,6.7,14.4,0.468,1.8,4.8,0.372,2.9,4.1,0.709,1.9,1.7,0.8,2.9,3.7,3.1,1.4,0.2,18.2
88,Khalil Ahmad,CSUF,34,31.4,6.1,14,0.436,1.6,5.2,0.318,4.4,5.4,0.814,2,2.5,0.6,3.4,4,1.3,1.6,0.2,18.2
89,Bennie Boatwright,USC,31,33.5,6.4,13.4,0.474,2.9,6.8,0.429,2.6,3.7,0.702,1.5,2.4,1.4,5.2,6.6,2.5,0.7,0.6,18.2
90,Devin Cannady,PRIN,16,36.8,5.9,14.1,0.416,3.1,8.7,0.36,3.3,3.8,0.869,1.8,1.9,0.5,5.2,5.8,1.7,1.6,0.2,18.2
91,Zac Cuthbertson,CCU,34,32.1,5.9,12.1,0.488,1.3,3.5,0.367,5.1,6.7,0.763,2.4,3,2.2,5.9,8.1,2.4,0.9,0.4,18.2
92,C.J. Massinburg,UB,35,32.3,5.7,12.3,0.464,2.7,6.7,0.399,4.1,5.3,0.78,1.3,1.7,2.2,4.3,6.5,3,1.2,0.3,18.2
93,Markis McDuffie,WSU,37,33.4,5.8,14.2,0.408,2.3,6.6,0.341,4.3,5.3,0.816,1.6,1.9,1.8,3.2,5,1,1,0.2,18.2
94,Tyler Kohl,CCSU,27,34.3,5.7,14.6,0.394,1.5,4.6,0.331,5.1,6.1,0.848,3.7,2.3,1.7,5.3,7,4.6,1.4,0,18.1
95,David Efianayi,GWU,35,33.4,5.7,11.8,0.485,2,4.8,0.42,4.7,6.3,0.742,2.4,2.1,0.5,3.1,3.7,2.9,1.1,0.7,18.1
96,Jahmal McMurray,SMU,32,32.7,6.4,14.3,0.449,3.2,8,0.395,2.1,2.5,0.827,1.7,2.2,0.2,2.2,2.3,2.6,0.7,0.1,18.1
97,Zach Jackson,UNO,32,34.2,6.4,12.9,0.495,1.9,4.3,0.432,3.4,4.5,0.759,1.6,1.8,0.9,3.4,4.3,1.9,0.8,0.1,18.1
98,Deshon Taylor,CSUF,28,35.6,5.4,12.2,0.446,2.4,6,0.401,4.7,6,0.784,2.9,2.7,0.6,3,3.7,5,1.4,0.2,17.9
99,Breein Tyree,UM,33,33.8,6,13,0.459,2.1,5.6,0.375,3.9,4.7,0.831,2.4,2,0.3,2.6,2.9,2.8,1,0.4,17.9
100,C.J. Williams,HU,33,31.1,6.3,14.2,0.446,1.8,4.9,0.373,3.4,4,0.856,1.5,1.7,0.7,2.1,2.7,0.7,0.7,0.3,17.9
101,Sean Hoehn,SHU,32,31.6,5.7,12,0.474,2,5,0.406,4.5,5.3,0.847,3.1,2.6,0.5,2.8,3.3,2.6,1.5,0.1,17.9
102,Antonio Green,MTSU,32,35.3,6.1,16.3,0.376,3.3,9.5,0.345,2.4,2.7,0.874,3.2,2,0.3,3.7,4,1.6,1,0.1,17.9
103,Shannon Bogues,SFA,30,36.1,5.9,14.1,0.42,2.2,6,0.369,3.8,4.8,0.786,3.2,1.5,0.4,2.6,3,3.6,1.2,0.3,17.9
104,Sam Sessoms,BU,33,34.3,6.8,15.2,0.448,2.1,5.8,0.366,2.1,3.2,0.66,4.3,2.2,0.7,2.6,3.3,3.5,1.1,0.1,17.8
105,T.J. Haws,BYU,32,33.4,5.4,11.8,0.463,1.8,5.1,0.352,5.2,5.9,0.868,2.3,2.2,0.3,3.2,3.5,5.1,1.2,0.3,17.8
106,Kevon Harris,SFA,30,34.9,5.9,11.3,0.521,1.7,4.4,0.379,4.4,5.9,0.736,2.9,2.4,1.7,4.7,6.5,2,1,0.5,17.8
107,C.J. Burks,MU,37,33.5,6.7,14,0.478,1.8,5,0.357,2.5,3.3,0.77,3,2.3,0.6,3.3,3.9,2.9,1.8,0.2,17.7
108,E.J. Crawford,IC,33,35.6,6.2,12.3,0.504,1.6,4.2,0.379,3.6,4.5,0.816,1.8,2.2,1.1,3.9,5.1,1.8,0.7,0.2,17.7
109,A.J. Brodeur,PENN,31,32.5,7.2,13.7,0.528,0.5,1.5,0.34,2.7,4.6,0.576,2.7,2.4,2,6.3,8.3,3.6,1,1.3,17.6
110,Kimbal Mackenzie,BU,33,34.3,5.4,12.7,0.425,2.5,6.7,0.376,4.3,5,0.861,1.8,1.7,0.7,2.1,2.8,3,0.8,0,17.6
111,Zach Cooks,NJIT,35,37.3,6.2,13.7,0.451,2.1,6,0.349,3.2,4.4,0.732,2.2,1.9,0.6,4.2,4.8,2.1,2.5,0.1,17.6
112,Francisco Alonso,UNCG,36,28.7,5.4,12.9,0.419,2.7,7.3,0.371,4.1,4.6,0.88,2.6,2.2,0.5,1.8,2.3,2.5,1,0.2,17.6
113,Jeremy Combs,TSU,38,31.7,6.4,10.6,0.602,0.1,0.6,0.238,4.7,8,0.59,2.4,3.2,3.7,5.5,9.3,1.5,1.6,0.6,17.6
114,Brian Fobbs,TU,32,32.8,6.5,14.3,0.454,2,5.5,0.367,2.6,3.2,0.804,1.8,1.8,1.8,4,5.9,1.3,0.7,0.2,17.6
115,Sandy Cohen III,UWGB,38,34.1,5.8,12.2,0.476,1.5,4.5,0.337,4.5,5.8,0.773,3.1,2.6,0.5,5.9,6.4,4.7,1.9,1.1,17.6
116,Jessie Govan,GU,33,30.3,6.4,12.9,0.496,1.4,3.5,0.412,3.3,4.3,0.766,1.5,2.6,1.8,5.7,7.5,1.2,0.8,1.2,17.5
117,"Kyle Allman, Jr.",CSUF,33,35.2,5.7,13.7,0.414,1.8,5.2,0.349,4.4,5.8,0.75,2.5,2,0.3,2.7,3,2,0.7,0.4,17.5
118,Matt Rafferty,FU,33,33.4,6.6,10.7,0.615,0.2,0.8,0.32,4.1,5.3,0.767,2.1,2.2,2.6,6.4,9,4.3,2.5,1.1,17.5
119,Larry Austin,CMU,35,34,6.7,13.5,0.497,0.1,0.5,0.263,3.9,7.1,0.548,3.5,2.7,2.2,4.1,6.3,6,2.2,0.1,17.5
120,Vasa Pusica,NU,27,34.9,5.6,11.6,0.482,2.2,5.5,0.399,4,4.8,0.837,3.1,2.1,0.4,3.4,3.8,4.1,1.5,0.2,17.4
121,Kris Wilkes,UCLA,33,31.8,6.2,14.3,0.433,2.1,6.2,0.337,2.9,4.3,0.671,1.9,2.2,1.2,3.6,4.8,1.7,0.6,0.4,17.4
122,Tyreke Key,ISU,31,34.4,5.8,11.1,0.525,1.4,3.1,0.448,4.3,5.5,0.787,1.6,2,0.8,2.7,3.5,1.7,1.1,0,17.4
123,Ross Cummings,MER,31,33.3,5.2,12.2,0.427,3.3,8.2,0.399,3.6,4.5,0.801,2.3,1.6,0.4,2.5,2.9,1.9,0.5,0.1,17.4
124,Tookie Brown,GSU,33,35.2,6,12.1,0.496,1.2,3.5,0.333,4.2,5.4,0.765,2.3,2.2,0.7,3.4,4.2,4.7,1.4,0.1,17.3
125,Ethan Happ,UW,34,32,7.6,14.3,0.53,0,0.1,0,2.2,4.7,0.466,3.1,2.6,2.3,7.8,10.1,4.5,1.1,1.3,17.3
126,"Brian Beard, Jr.",FIU,34,32,5.4,13.8,0.394,1.6,5.5,0.289,4.8,6.8,0.713,3.5,2.1,0.6,2.7,3.3,5.9,2.9,0.1,17.3
127,Kellan Grady,DAV,30,37.6,6.5,14.3,0.451,1.9,5.7,0.341,2.4,3.3,0.735,1.7,1.5,0.4,4.1,4.5,1.9,1,0.2,17.3
128,Mo Greenwood,SELU,33,29.8,6.8,11.2,0.601,0.5,1.2,0.4,3.2,4.6,0.702,2.5,3.5,2.8,4.7,7.5,0.8,0.9,1.1,17.2
129,Tyree Appleby,CSU,29,30.5,5.1,12.1,0.42,2.6,6.6,0.389,4.5,5.8,0.78,3.4,1.7,0.3,3.4,3.8,5.6,1.4,0.3,17.2
130,Jason Burnell,JSU,32,33.8,6.1,12,0.507,0.9,2.8,0.319,4.2,5.2,0.801,2.1,2.8,3.1,6.5,9.6,3.1,1.1,0.9,17.2
131,Harald Frey,MSU,32,33,5.3,12,0.44,2.3,6.1,0.387,4.3,5.1,0.846,1.9,2,0.8,3.7,4.5,5,1.2,0,17.2
132,Tyus Battle,SU,32,36.3,5.9,13.6,0.431,1.3,4.1,0.321,4.1,5.4,0.763,1.8,2.2,0.7,2.6,3.3,2.5,1.2,0.2,17.2
133,Grant Golden,RICH,33,31.4,6.7,13.3,0.503,0.5,1.6,0.296,3.3,5,0.657,2.5,1.8,0.8,6.3,7.1,3.5,0.5,1.1,17.2
134,Jeremiah Jefferson,NSU,31,34.5,6.3,14.4,0.434,3.2,8.1,0.392,1.5,2.1,0.719,1.7,1.6,0.3,2.6,2.9,2,1,0.2,17.2
135,Miye Oni,YALE,29,31,5.8,13.1,0.441,1.9,5.2,0.371,3.7,4.7,0.793,2.6,2.7,0.7,5.6,6.3,3.6,0.9,1.3,17.1
136,Marcus Graves,CSUS,31,34.7,5.9,13.9,0.422,1.6,4.2,0.388,3.7,4.6,0.792,3.1,2.6,0.9,3.8,4.7,5.4,2,0.1,17
137,Jordan Caroline,UNR,33,35.5,5.8,12.9,0.452,1.4,3.8,0.368,3.9,6.3,0.628,2.5,2.2,2.5,7.1,9.6,1.9,0.6,0.3,17
138,Ian DuBose,HBU,30,30.4,5.8,11.9,0.486,1.8,4,0.438,3.7,5.2,0.707,2.7,2.6,1.5,4.4,5.9,3.4,1.6,0.3,17
139,Donovan Fields,POLY,29,33.7,6.5,16.4,0.397,1.4,4.5,0.305,2.6,3.1,0.833,2.3,2.4,0.6,1.9,2.5,4.1,1.4,0.3,17
140,Corey Davis,U of H,37,33,5.5,13,0.42,3,8,0.375,3.1,3.5,0.869,1.4,1.8,0.7,2.6,3.3,2.8,1,0.1,17
141,Jordan Nwora,U of L,34,31.8,5.8,13.1,0.446,2.3,6.1,0.374,3.1,4,0.765,2.4,2.1,1.2,6.5,7.6,1.3,0.9,0.4,17
142,Kamar Baldwin,BU,33,34.2,6.4,14.3,0.447,1.3,4.1,0.311,2.9,3.4,0.85,2.7,2.6,0.6,4.2,4.9,3.1,1.5,0.3,17
143,Kobe Webster,WIU,31,34,6.3,14.7,0.429,2.5,5.9,0.413,1.9,2.7,0.706,1.6,1.9,0.5,4,4.4,3.1,1.1,0,17
144,Brandon Clarke,GU,37,28.1,6.9,10.1,0.687,0.1,0.4,0.267,2.9,4.2,0.694,1.5,2.1,3.1,5.5,8.6,1.9,1.2,3.1,16.9
145,Daniel Gafford,U of A,32,28.7,6.7,10.1,0.66,0,0,0,3.6,6,0.591,2.4,2.8,2.8,5.8,8.7,0.7,0.9,2,16.9
146,Takal Molson,CAN,32,32.7,5.5,13,0.422,1.7,6.4,0.268,4.2,5.6,0.754,2.5,2.5,1.8,3.7,5.4,2,1.3,0.3,16.9
147,Jon Axel Gudmundsson,DAV,34,36.8,5.2,11.3,0.46,1.8,5,0.353,4.7,5.7,0.826,2.5,1.5,0.7,6.6,7.3,4.8,1.3,0.1,16.9
148,Jaevin Cumberland,OU,34,36.5,5.2,12.1,0.427,3.3,8.1,0.402,3.3,3.9,0.848,1.8,2.1,0.4,2.5,2.9,3.5,1.1,0.2,16.9
149,Caleb Daniels,TU,30,33.9,5.8,13,0.445,1.6,4.5,0.346,3.7,5.4,0.687,2.9,2.9,1.4,3.9,5.3,3.3,0.8,0.3,16.9
150,Cameron Johnson,UNC,36,29.9,5.9,11.6,0.506,2.7,5.8,0.457,2.5,3.1,0.818,1.5,1.5,1.8,3.9,5.8,2.4,1.2,0.3,16.9
151,Jalen Adams,UConn,26,30,6.5,13.3,0.487,1.7,4.7,0.355,2.2,2.7,0.829,2.8,2.6,0.9,3.1,4,3.4,1.1,0.3,16.9
152,KZ Okpala,SU,29,32.7,5.9,12.7,0.463,1.1,3,0.368,4,6,0.671,2.9,2.5,1.2,4.5,5.7,2,1,0.5,16.8
153,Sedrick Barefield,U of U,31,32.2,5.4,13.2,0.408,3,7.7,0.388,3,3.7,0.825,2.6,2.1,0.3,1.8,2.1,3.8,0.9,0,16.8
154,Nych Smith,WIN,28,27.5,6,13.3,0.448,1.8,5.2,0.333,3.1,4.1,0.757,2.4,2,0.4,2.2,2.6,3.7,0.5,0,16.8
155,Davauhnte Turner,SPC,32,35.9,5.7,13.9,0.411,2.2,6.3,0.351,3.1,3.9,0.794,2.5,1.7,1,2.3,3.3,2.4,1,0.3,16.8
156,B.J. Stith,ODU,35,34.5,5.9,14.4,0.41,2.1,5.7,0.369,2.9,3.4,0.847,1.8,1.8,1.4,6.1,7.5,1,0.9,0.3,16.8
157,Kevin McClain,BEL,33,33.4,5.6,12.1,0.464,2.1,5.8,0.366,3.4,4.9,0.702,2.2,1.8,0.5,3.2,3.6,3.9,1.2,0.2,16.8
158,Tayler Persons,BSU,33,32,6,13.7,0.441,1.4,4.2,0.321,3.3,4.1,0.8,3.2,2.1,0.4,3.6,4,4.3,1.1,0.1,16.7
159,Akwasi Yeboah,SB,32,31.8,5.7,13.8,0.413,2.1,6.5,0.316,3.2,4.1,0.785,2.6,2.6,1.6,6,7.7,1.4,0.9,0.5,16.7
160,Milik Yarbrough,ISU,33,29.3,6.1,13.3,0.461,1,2.9,0.34,3.4,4.4,0.779,4,2.6,1,5.9,6.9,3.1,0.7,0.5,16.7
161,Nick Garth,LU,31,31.1,5.4,12.7,0.424,2.6,7.1,0.373,3.2,3.8,0.84,1.5,2.3,0.4,2,2.4,2.4,1.2,0.1,16.6
162,Amir Coffey,U of M,36,35.2,5.5,12.6,0.436,1.1,3.8,0.304,4.5,6.1,0.74,2.3,1.5,0.7,2.9,3.6,3.2,0.9,0.2,16.6
163,Darnell Edge,FDU,35,37,5.4,11.5,0.473,2.6,5.5,0.477,3.1,3.5,0.887,2,1.9,0.4,3.1,3.5,2.4,1.3,0,16.6
164,Damani Applewhite,SCSU,34,34,5.8,11.5,0.506,0.1,0.5,0.25,4.9,6.9,0.705,1.6,1.8,2.4,5,7.4,1.1,0.4,0.3,16.6
165,Ahmad Caver,ODU,35,37.6,5.6,14.7,0.381,2,6.6,0.303,3.4,4.9,0.692,2.2,2,0.5,3.8,4.3,5.5,1.4,0.3,16.6
166,J.R. Lynch,UHA,33,38,5.3,11.8,0.452,2.1,5.3,0.397,3.8,4.5,0.84,2,2.4,0.6,3.1,3.7,3.8,2.1,0.1,16.6
167,Seth Dugan,WMY,32,33.3,6.5,11.6,0.562,0.1,0.5,0.133,3.4,5.3,0.643,2.1,2.2,3.4,6.5,9.9,1.7,0.3,0.9,16.6
168,Shawn Roundtree,CMU,34,34.4,4.9,10.7,0.459,2.2,5.2,0.427,4.5,5.7,0.789,2.3,1.9,0.3,2.4,2.7,3.1,0.9,0.1,16.6
169,Eric Paschall,VILL,36,36.1,5.4,12.1,0.447,1.9,5.6,0.348,3.8,5,0.746,2.3,2.1,1.3,4.9,6.1,2.1,0.7,0.5,16.5
170,Armon Fletcher,SIU,23,33.1,5.9,11.4,0.513,1.7,4,0.418,3.1,4.2,0.742,2,2.1,1.9,4.2,6.1,1.5,1.4,0.3,16.5
171,Max Mahoney,BU,32,27,6.9,11,0.629,0,0,0,2.6,4.1,0.636,1.9,3.2,2.5,4,6.6,1.7,0.8,0.7,16.5
172,Romeo Langford,IU,32,34.1,5.5,12.3,0.448,1.1,3.9,0.272,4.4,6.1,0.722,2.1,1.9,1.4,4,5.4,2.3,0.8,0.8,16.5
173,Admiral Schofield,UT,37,31.8,6.4,13.6,0.474,2,4.8,0.418,1.6,2.3,0.698,1.9,2.5,1.2,5,6.1,2,0.9,0.5,16.5
174,Tyler Seibring,ELON,32,32.6,6,12.4,0.482,2.4,5.8,0.412,2.1,2.7,0.8,0.9,1.6,1.4,4.5,5.9,1.5,0.4,0.5,16.5
175,Romone Saunders,WC,30,34.6,4.8,12.9,0.37,2.1,6.6,0.322,4.8,5.7,0.842,2.8,2.9,2.2,5.1,7.2,3.6,1.5,0.3,16.5
176,Jason Carter,OU,31,31,5.8,12.1,0.481,0.7,2.2,0.343,4.1,5.7,0.718,1.8,2.5,2.1,4.6,6.7,2,0.6,0.7,16.5
177,Nijal Pearson,TSU,33,33.2,5.8,13.8,0.421,2.4,6.3,0.386,2.4,3.4,0.69,1.8,1.8,1.5,3.6,5.1,1.4,1.4,0.2,16.4
178,Matt Lewis,JMU,33,36.3,5.1,13.2,0.385,1.8,5.6,0.326,4.4,5.5,0.811,2.6,2,0.9,3.2,4.2,3,0.9,0.4,16.4
179,Stuckey Mosley,JMU,33,35.1,5.9,14.8,0.398,2.9,7.8,0.367,1.8,2.5,0.716,1.7,2.2,0.7,3.1,3.8,2.3,1.1,0.1,16.4
180,James Batemon III,LMU,34,35.3,5.1,12.1,0.421,1.3,4.4,0.285,4.9,5.9,0.822,3,2.3,0.6,2.5,3.1,3.6,1.6,0,16.4
181,Josh Ajayi,USA,33,31.2,6,10.7,0.56,0.5,1.1,0.444,3.9,5.6,0.703,2.6,2.7,2.2,5.2,7.4,1.6,0.7,0.9,16.4
182,Josh Sharkey,SU,33,35.4,5.3,11.9,0.444,0.9,2.9,0.309,4.8,6.4,0.75,5,2.6,0.6,3.3,3.8,7.2,2.6,0.1,16.3
183,Jordan Burns,CU,30,32.9,5.6,12.7,0.438,2.6,6.6,0.394,2.6,3.2,0.821,3.1,1.7,0.4,2.6,3,5.7,1.2,0.1,16.3
184,Quinton Rose,TEM,33,34.6,6.2,15.2,0.408,1.2,4.5,0.275,2.7,3.9,0.685,2.5,2,0.5,3.3,3.8,2.5,2.2,0.2,16.3
185,Jayden Gardner,ECU,31,30.6,5.4,10.9,0.493,0.1,0.3,0.2,5.5,7.4,0.75,2.4,2.8,3,5.5,8.5,1.3,0.8,0.5,16.3
186,Justin Forrest,ASU,30,29,5,12.3,0.407,2.1,5.9,0.362,4.1,5.7,0.724,2.7,1.9,0.5,2.8,3.3,2.5,1.2,0,16.2
187,Darius Garland,VU,5,27.8,5.8,10.8,0.537,2.2,4.6,0.478,2.4,3.2,0.75,3,1.4,0.4,3.4,3.8,2.6,0.8,0.4,16.2
188,Jacob Gilyard,RICH,31,37.3,5.7,12.1,0.472,2.4,6.6,0.363,2.4,3.1,0.771,2.4,1.7,0.6,2.3,2.9,5.2,2.8,0,16.2
189,Nike Sibande,MU,32,30,5.2,13.1,0.395,2.4,7.2,0.329,3.4,4.9,0.696,2,1.9,0.9,4.2,5.1,1.2,0.8,0.4,16.2
190,Nickeil Alexander-Walker,VT,34,34.3,5.6,11.8,0.474,1.7,4.6,0.374,3.3,4.2,0.778,2.9,2.3,0.5,3.6,4.1,4,1.9,0.5,16.2
191,Jaylen Nowell,UW,36,34.4,6.1,12.1,0.502,1.4,3.2,0.44,2.6,3.4,0.779,2.9,2.2,1,4.3,5.3,3.1,1.3,0.2,16.2
192,Chris Lykes,UM,32,33.8,5.3,13.2,0.406,1.9,6,0.318,3.6,4.6,0.781,2.9,2.2,0.4,2.2,2.7,3.2,1.3,0,16.2
193,Jordan Lyons,FU,33,32.8,5.6,14.2,0.396,3.2,9.2,0.347,1.8,2.3,0.763,2.3,1.2,0.4,1.8,2.2,2.3,1.2,0.1,16.2
194,Luguentz Dort,ASU,34,31.5,5.1,12.6,0.405,1.6,5.2,0.307,4.3,6.1,0.7,2.9,3,1.3,3,4.3,2.3,1.5,0.2,16.1
195,Stevie Thompson,OSU,31,36.6,5.9,13.8,0.428,2,6.4,0.308,2.3,3,0.755,2,1.9,0.9,3.3,4.2,3.2,1.5,0.1,16.1
196,DeVon Baker,UNCA,31,33.9,5.9,14.8,0.397,1.2,3.8,0.303,3.2,3.9,0.817,2.9,1.8,1,1.7,2.7,3,1.5,0.2,16.1
197,Nico Carvacho,CSU,32,31.9,6.8,11.4,0.592,0,0.1,0,2.6,5.2,0.491,2.1,2.8,3.9,9,12.9,2.1,0.6,0.6,16.1
198,Coby White,UNC,35,28.5,5.4,12.7,0.423,2.3,6.6,0.353,3,3.7,0.8,2.7,1.9,0.3,3.2,3.5,4.1,1.1,0.3,16.1
199,Luwane Pipkins,UMass,25,31.2,5,14.4,0.347,1.9,6.8,0.281,4.1,5.1,0.805,3,2.4,0.4,4.4,4.9,5.2,1.2,0.1,16
200,Kevin Larkin,DESU,26,33.5,6.2,15.7,0.394,1.7,5.6,0.295,2,2.7,0.754,1.8,1.6,2.5,6.3,8.8,1.7,1.5,0.2,16
201,Keith Braxton,SFU,33,34.2,5.5,12.1,0.457,1.2,3.7,0.339,3.7,4.8,0.769,2.4,1.7,1.7,8.1,9.8,3.8,1.5,0.3,16
202,Noah Horchler,UNF,28,31.2,6.9,12.8,0.538,0.8,2.5,0.296,1.5,3,0.512,2.1,2.6,2.5,6.9,9.3,1.3,0.9,1.7,16
203,Steven Santa Ana,ELON,31,31.5,5.4,11.7,0.46,2.3,6.3,0.366,2.9,4.2,0.705,2.4,2.3,0.8,5.5,6.3,2.7,0.8,0.1,16
204,Cameron Healy,ALB,32,34.5,5.2,12.2,0.423,3.2,7.8,0.416,2.4,2.7,0.884,2.2,1.7,0.3,3.4,3.8,2.4,0.7,0.1,16
205,Alpha Diallo,PROV,34,35.4,5.2,12.3,0.42,1.2,3.5,0.333,4.4,6.6,0.674,2.7,2.6,2.6,5.5,8.1,3.1,1.6,0.5,16
206,Devin Watson,SDSU,34,34,4.9,12.4,0.399,2.6,6.9,0.382,3.5,4.6,0.747,2.6,1.3,0.4,2.7,3.1,4.2,0.9,0,16
207,Rapolas Ivanauskas,CU,35,30.2,5.9,11.4,0.517,1.2,2.8,0.434,2.9,3.7,0.777,2.5,2.9,1.8,5.9,7.8,1.6,0.5,0.6,15.9
208,B.J. Taylor,UCF,33,34.4,4.2,11,0.384,1.8,5,0.372,5.7,7.3,0.779,1.6,1.4,0.3,2,2.3,3.2,0.9,0,15.9
209,Marlain Veal,SELU,33,31.2,4.5,11.8,0.379,2.1,6,0.352,4.8,5.9,0.825,4.5,2.5,0.8,2.7,3.4,4.5,1.8,0.1,15.9
210,Bryce Brown,AU,40,32,5.1,11.7,0.437,3.5,8.6,0.41,2.2,2.7,0.807,1.6,1.4,0.5,1.6,2.1,1.9,1.1,0.1,15.9
211,Jalen McDaniels,SDSU,34,31.1,6.2,13.4,0.466,0.7,2.2,0.32,2.7,3.7,0.732,2.4,2.9,2,6.3,8.3,2.1,1.1,0.5,15.9
212,Phil Fayne,ISU,33,28.9,6,11.1,0.542,0,0,0,3.8,5.8,0.653,1.7,3.3,3,3.3,6.3,0.8,1.1,1.2,15.9
213,Evan Fisher,SC,31,33.3,6.6,13.5,0.488,0.5,2.1,0.231,2.2,3,0.72,1.7,1.6,1.1,4.9,6,1.5,0.2,0.5,15.9
214,David Collins,USF,37,33.6,4.5,11.3,0.4,1.3,4.1,0.313,5.6,7.9,0.703,3.2,3.2,0.6,3.1,3.8,3.1,2.1,0.3,15.9
215,Adam Flagler,PC,36,30.7,5.4,12.4,0.438,3,7.8,0.386,2,2.4,0.835,1.2,1.7,0.8,2.6,3.4,1.2,0.8,0.2,15.9
216,Rickey McGill,IC,33,37.2,5.2,11.1,0.473,1.4,4.1,0.351,3.9,5.2,0.76,2.8,2.5,0.9,3.5,4.5,4.8,2.4,0.3,15.8
217,Nate Sestina,BU,31,27.8,6,11.1,0.536,1.3,3.5,0.38,2.6,3.2,0.808,2.1,2.9,2,6.5,8.5,1.2,0.4,1.1,15.8
218,Darius Roy,UWM,29,35,5.7,12.6,0.449,1.6,3.8,0.405,3,3.5,0.843,3.2,2.6,0.4,3.6,4.1,4.1,1.2,0.2,15.8
219,Malik Moore,USCU,28,28.9,5.6,12.1,0.459,1.6,5.3,0.297,3.1,4.4,0.702,2.4,2.8,1.8,5.1,6.9,2.2,1.4,0.7,15.8
220,Eric Carter,UD,32,32,5.9,10.2,0.579,0.1,0.2,0.4,3.9,5.2,0.738,2.3,2.8,2.2,7.5,9.7,2.3,0.7,0.6,15.8
221,Jalen Pickett,SC,33,37.1,5.6,12.8,0.436,2,5.7,0.348,2.7,3.6,0.746,2.4,2.3,1.3,3.3,4.6,6.7,2,0.9,15.8
222,Troy Harper,DREX,28,30.1,4.6,11.9,0.389,0.8,3.3,0.247,5.7,7.3,0.776,2.6,2.4,0.4,2.8,3.2,2.3,0.6,0.1,15.8
223,Kalin Fisher,HU,35,34.7,5.2,13,0.4,1.6,5.1,0.311,3.8,4.7,0.806,2.1,2.5,0.4,4.3,4.7,3.2,1.9,0.2,15.8
224,Jordan Walker,MSU,33,33,5.1,12.1,0.421,2.2,5.5,0.398,3.4,4.3,0.789,2.3,2.5,0.9,2.6,3.5,2.6,1.2,0.1,15.8
225,Mike Smith,COM,8,31.8,5.5,13.2,0.415,1.1,4.5,0.25,3.6,4.2,0.853,2.2,1.5,0.2,2.2,2.5,5,2.2,0,15.8
226,Carlik Jones,RU,31,34.2,5.9,12.7,0.463,0.7,2.9,0.247,3.2,4.3,0.758,2.7,1.8,0.5,4.6,5.2,5.8,1.7,0.1,15.7
227,Ty-Shon Alexander,CU,34,32.9,5.2,12.7,0.406,2.9,7.8,0.365,2.5,3.1,0.794,2,2.1,0.5,3.5,4,2.7,1.2,0.3,15.7
228,Desmond Cambridge,BU,30,28.7,5.4,14.5,0.372,2.5,8,0.318,2.4,3.1,0.772,1.7,2.4,0.5,3.3,3.8,0.9,1,1.7,15.7
229,Marvin Prochet,NU,29,32.2,5.2,12.3,0.421,2.6,6.1,0.421,2.8,4,0.696,1.7,1.8,1.7,5.6,7.3,1.7,0.7,0.8,15.7
230,Ahmad Clark,ALB,32,30.8,4.9,13.2,0.371,1.8,5.8,0.314,4.1,5.2,0.783,3.6,2.9,0.5,3.8,4.2,4.3,2,0.4,15.7
231,Jake Toolson,UVU,35,33.3,5.4,10,0.537,2,4.4,0.448,2.9,3.5,0.851,2.4,1.7,0.9,3.6,4.5,2.3,0.5,0.2,15.7
232,Michael Flowers,WMY,32,31.3,4.7,12.2,0.387,2,6.1,0.332,4.2,5.3,0.784,3.1,2.4,0.3,3.6,3.9,3.2,0.9,0.1,15.7
233,Jarkel Joiner,CSUB,34,32.2,6.1,13.6,0.451,1.5,4,0.37,1.9,2.7,0.71,1.3,2.1,1.2,2.4,3.6,1.4,1.1,0.1,15.6
234,Aubrey Dawkins,UCF,33,33.4,5.5,11.8,0.463,2.2,5.5,0.403,2.5,2.9,0.835,1.6,2.2,1,4,5,1.4,1,0.3,15.6
235,Anthony Cowan,UMD,34,34.6,4.9,12.6,0.393,2.1,6.1,0.337,3.7,4.6,0.806,2.8,2.3,0.4,3.3,3.7,4.4,0.9,0.2,15.6
236,J.D. Paige,CSU,31,33.9,5.5,12.1,0.457,2.1,5.4,0.389,2.4,3,0.806,1.6,1.7,0.4,3.1,3.5,3.1,1.3,0.2,15.6
237,Justin Ravenel,FAMU,31,35.3,5.1,11,0.459,3.4,7.2,0.464,2.1,2.5,0.857,1.3,1.8,0.3,1.9,2.3,1.3,0.8,0.1,15.6
238,Adam Grant,BU,30,35.5,5.4,13.1,0.412,2.7,6.9,0.386,2.1,2.7,0.79,1.9,2.2,0.8,2.1,2.9,1.5,1.1,0.1,15.6
239,Gary Blackston,PVAMU,34,31.3,5.2,12.1,0.429,1.4,4.2,0.343,3.8,5.7,0.656,2,2.7,1.7,5.2,7,1.9,1.7,0.2,15.6
240,Jaelan Sanford,U of T,33,33.5,5.8,13.7,0.425,1.6,5.1,0.321,2.3,2.7,0.843,1.8,1.7,0.9,3.3,4.2,3.2,0.4,0.2,15.5
241,Anthony Adger,FAU,33,32.4,4.7,12.8,0.364,2.8,8.2,0.343,3.4,4.1,0.824,2.1,1.6,0.6,3.6,4.2,2.6,1,0.1,15.5
242,Juwan Morgan,IU,35,29.8,6.1,11,0.558,0.7,2.5,0.295,2.5,3.9,0.647,1.9,2.9,2.5,5.7,8.2,1.9,1.2,1.5,15.5
243,Mike Ertel,ULM,35,36.3,5.5,12.5,0.438,2.3,5.1,0.444,2.3,2.6,0.901,1.3,1.6,0.4,2.7,3,2.8,0.7,0.1,15.5
244,J.D. Notae,JAC,32,29.2,5.5,13,0.427,1.9,6.1,0.32,2.5,3.5,0.73,3.3,2.4,0.9,5.2,6.2,3.4,1.6,0.4,15.5
245,Jamaal King,SFU,33,32.1,5.3,12.2,0.437,1.6,4.5,0.365,3.2,4.3,0.752,2.6,2.3,0.3,2,2.3,4.1,1.5,0,15.5
246,Xavier Johnson,PITT,33,31.1,4.8,11.6,0.415,1.1,3.2,0.352,4.8,6.3,0.751,4,2.7,1.2,2.7,3.9,4.5,1.3,0.1,15.5
247,Josiah Wallace,EIU,32,32.7,5.4,13.2,0.411,1.9,5.4,0.353,2.8,3.5,0.802,2.5,1.5,0.6,3.3,3.9,2.9,0.8,0.2,15.5
248,Daquan Bracey,LTU,31,31.1,5.6,13.2,0.426,1.5,4.9,0.311,2.7,4.4,0.63,2.2,2,0.9,2.3,3.2,4,1.3,0.1,15.5
249,Tarkus Ferguson,UIC,32,36.5,5.1,12.4,0.41,3.1,8.5,0.368,2.2,2.9,0.75,3.2,2.2,0.4,6.3,6.8,5.2,1.5,0.8,15.5
250,Skyler Flatten,SDSU,33,36.5,5.6,10.8,0.517,2.5,5.8,0.44,1.7,2.5,0.683,1.3,1.6,0.3,3.5,3.8,2.2,1.2,0.4,15.5
251,Kyle Guy,UVA,38,35.4,5.2,11.6,0.449,3.2,7.4,0.426,1.8,2.2,0.833,1.4,1,0.7,3.8,4.5,2.1,0.7,0.1,15.4
252,Xavier Bishop,UMKC,31,33.8,5.2,12.2,0.427,2,5.6,0.353,3,3.8,0.797,2.8,2.5,0.5,2.2,2.7,3.8,1.1,0,15.4
253,Chris Knight,DART,30,28.1,6.4,12.8,0.499,0.3,0.9,0.286,2.3,3.7,0.627,3,3,2.2,4.6,6.8,2.3,0.6,1.2,15.4
254,Brian Warren,UTA,33,29.9,5.3,13.4,0.397,1.6,5.2,0.304,3.1,3.9,0.805,2.2,3,0.5,2.2,2.6,3.6,1.2,0.1,15.4
255,Lavelle Scottie,AF,32,31.4,6.3,13,0.487,1,3.5,0.297,1.7,2.8,0.607,3,2.1,1.3,4.2,5.6,1.3,0.7,0.2,15.3
256,Jared Harper,AU,40,32.9,4.6,11.5,0.399,2.5,6.6,0.37,3.7,4.5,0.828,2.4,1.8,0.3,2.2,2.5,5.8,1.1,0.1,15.3
257,Jeff Dowtin,URI,33,36.6,5.8,12.1,0.475,1.4,3.9,0.354,2.4,3.2,0.745,1.8,1.5,0.7,2.7,3.4,3.7,1.4,0.5,15.3
258,Devon Andrews,FIU,33,26.2,5.4,11,0.493,1.1,3.1,0.356,3.4,4.7,0.712,1.8,2.5,1.2,3.8,5.1,1.4,1.7,0.5,15.3
259,Nick Honor,FORD,32,36.1,5.4,14.6,0.373,2.2,6.6,0.332,2.2,2.7,0.816,1.7,1.9,0.6,1.8,2.4,3,0.9,0,15.3
260,Tremont Waters,LSU,33,32.4,5.2,12.1,0.43,1.7,5.2,0.327,3.2,3.9,0.812,3.5,1.9,0.3,2.5,2.8,5.8,2.9,0.1,15.3
261,Marques Townes,L-IL,34,33.7,5.6,12.1,0.466,1.1,3.3,0.345,2.8,3.7,0.762,2.2,1.4,0.5,4.5,5,3.6,1.1,0.2,15.3
262,Javon Bess,SLU,36,36.7,4.8,12.1,0.394,1.8,5.6,0.325,3.9,4.9,0.79,1.2,2.3,1.1,5.7,6.8,1.8,1.4,0.2,15.2
263,Courtney Stockard,STBN,28,33.8,5.2,13,0.403,1.4,4.8,0.301,3.3,4.3,0.769,3.4,2.7,0.4,5.2,5.6,3.6,1.2,0.4,15.2
264,De'Andre Hunter,UVA,38,32.5,5.4,10.4,0.52,1.2,2.8,0.438,3.2,4.1,0.783,1.4,2,1.4,3.7,5.1,2,0.6,0.6,15.2
265,Malik Fitts,SMC,34,30.7,5.4,11.3,0.475,1.7,4.2,0.406,2.8,3.6,0.77,1.6,2.8,1.8,5.8,7.6,0.9,1.1,0.2,15.2
266,Jordan Heading,CBU,31,32.4,5.6,12.3,0.461,1.9,5.4,0.361,2,2.4,0.827,2.8,2.3,0.5,3.4,3.9,2.6,0.6,0,15.2
267,Roberto Gallinat,PAC,32,27.7,3.9,9,0.434,1.8,4.8,0.382,5.6,6.5,0.856,1.6,2.6,0.5,2.5,3.1,0.6,0.4,0.2,15.2
268,Desmond Bane,TCU,37,35.5,5.8,11.6,0.502,1.8,4.3,0.425,1.8,2,0.867,1.3,2.3,1.3,4.4,5.7,2.4,1.1,0.5,15.2
269,Kason Harrell,IPFW,33,30.2,5.9,11.8,0.504,1.8,4.4,0.397,1.6,2.3,0.675,1.5,2.1,0.8,2.7,3.5,1.8,1.1,0.8,15.2
270,Travis Munnings,ULM,35,36.4,5.3,11.6,0.454,2.1,5.4,0.381,2.6,3.5,0.748,2.7,2.9,2.2,5.6,7.8,2.6,0.7,0.2,15.2
271,Isaiah Miller,UNCG,36,27.8,6.4,12.4,0.513,0.6,2.2,0.282,1.8,3.2,0.556,1.7,2,1.5,3,4.5,2.1,2.9,0.3,15.2
272,Nick McGlynn,DU,32,28.9,5.8,10.7,0.54,0.5,2.1,0.235,3.2,4.2,0.756,1.8,2.2,1.8,6.4,8.3,1.4,0.5,1.7,15.2
273,Chris Silva,USC,32,26.8,4.7,9.2,0.508,0.7,1.4,0.5,5.1,6.8,0.744,2.3,3.6,2.7,5,7.6,0.9,0.9,1.9,15.2
274,Terence Davis,UM,33,31,5.4,12.2,0.444,2,5.3,0.371,2.4,3.1,0.772,2.8,2.7,1.1,4.7,5.8,3.5,1.6,0.6,15.2
275,T.J. Shorts II,UCD,29,33.1,5.6,11.3,0.497,0.4,1.5,0.279,3.5,4.9,0.718,3,2.5,0.6,4.1,4.7,4.3,1.6,0.2,15.2
276,P.J. Washington,UK,35,29.3,5.4,10.4,0.522,0.9,2.2,0.423,3.4,5.1,0.663,2,2.5,2.3,5.2,7.5,1.8,0.9,1.2,15.2
277,Jose Perez,GWU,35,31.5,5,11.2,0.449,1.5,4,0.381,3.6,5.1,0.704,2,1.8,1,4.7,5.7,3,0.8,0.2,15.2
278,Sayeed Pridgett,UM,35,29.9,6.6,10.9,0.605,0.6,1.2,0.476,1.4,2.5,0.57,2.4,2.8,1.3,3.5,4.9,2.2,1.3,0.5,15.2
279,Devontae Cacok,UNCW,33,28.8,6.2,10.5,0.588,0,0.1,0.5,2.8,4.7,0.6,2.2,3.5,4,8.3,12.3,0.6,0.9,0.7,15.2
280,Sebastian Townes,BU,30,29.1,5.3,11.5,0.462,1,2.8,0.345,3.6,5.4,0.656,2.2,2.9,1.8,3.1,4.9,1.2,0.4,0.2,15.1
281,Loudon Love,WRST,34,27,6.1,12.4,0.498,0,0,0,2.8,4.5,0.625,2.4,2.7,3.5,4.7,8.2,1,0.6,0.9,15.1
282,Holland Woods,PSU,31,35.6,4.8,12.1,0.398,1.2,4.3,0.286,4.2,5.4,0.778,3.5,2.2,0.4,2.6,3,5.3,1.6,0.1,15
283,Tahj Eaddy,SCU,31,35.5,4.9,12.2,0.401,2.5,6.5,0.379,2.7,3.4,0.802,2,2,0.3,2.4,2.7,3.2,0.9,0,15
284,Elijah Pemberton,HOF,34,35.4,4.5,10,0.449,1.3,3.6,0.35,4.7,6.2,0.767,1.7,2.3,1.3,3.5,4.8,2.3,0.9,0.1,15
285,Vic Law,NU,30,33.4,5,12.7,0.396,1.9,5.6,0.335,3.1,3.9,0.786,2.2,2.9,1,5.3,6.4,3,1,1,15
286,Pookie Powell,LU,26,32.1,5,12.5,0.397,1.8,5.4,0.333,3.3,3.8,0.85,2.5,1.8,0.4,3.2,3.7,2.7,1.4,0.2,15
287,A.J. Green,UNI,34,29.9,5.4,13.2,0.41,2.1,6,0.348,2.1,2.4,0.864,2.8,2,0.4,2.6,3,2.3,0.6,0.1,15
288,Josh Nzeakor,LU,32,31,5.8,9.4,0.618,0,0,0,3.3,5.7,0.585,2.2,2.4,3.2,4.7,7.8,0.7,0.6,0.5,15
289,"Kerry Blackshear, Jr.",VT,35,30,5.3,10.3,0.508,0.6,1.8,0.333,3.8,5.2,0.736,1.8,3.3,3.1,4.5,7.5,2.4,0.7,0.8,14.9
290,Billy Wampler,WRST,35,27.7,4.8,11.3,0.426,2.2,6.1,0.364,3.1,3.8,0.811,1.1,2.1,0.7,2.7,3.4,1.2,0.5,0.1,14.9
291,Makai Mason,BU,28,32.1,4.8,12,0.398,2.1,5.9,0.364,3.2,3.9,0.818,2.5,1.9,0.4,2.1,2.5,3.4,0.5,0,14.9
292,Zach Norvell,GU,37,30.7,4.9,11.3,0.435,2.6,7.1,0.372,2.5,2.8,0.867,1.4,1.8,0.8,3.5,4.3,3.1,1.3,0.1,14.9
293,Sam Hauser,MU,34,33.4,5.1,11.1,0.459,2.6,6.4,0.402,2.1,2.3,0.924,1.4,2.1,1,6.2,7.2,2.4,0.6,0.5,14.9
294,Brian Parker,MAR,31,28.5,5.5,11.4,0.489,0.4,1.3,0.325,3.4,5.6,0.603,3.2,1.9,0.6,3.3,3.8,3.5,0.6,0.1,14.9
295,Ahmaad Rorie,UM,35,34.7,5.5,11.9,0.464,1.8,5.1,0.356,2.1,2.5,0.809,1.5,1.8,0.5,3.6,4.2,4.1,1,0.1,14.9
296,Deion Holmes,USCU,29,28.3,5.3,12.4,0.426,1.9,5.2,0.355,2.4,3,0.826,2.2,2.1,1.1,3.2,4.3,1.2,0.6,0.2,14.9
297,Luke Maye,UNC,36,30.9,5.5,12.8,0.43,1,3.5,0.288,2.9,3.7,0.774,2,2.6,2.6,7.9,10.4,2.3,0.6,0.6,14.9
298,Justin Pierce,W&M,28,34.4,5.5,11.9,0.464,1.6,4.9,0.324,2.2,3.8,0.59,2.2,2.5,1.8,7.1,8.9,4.1,1.1,0.3,14.9
299,Zack Bryant,UAB,34,33.4,5.3,12.2,0.435,1.4,4.5,0.32,2.8,4.1,0.681,2.3,2.3,0.5,3,3.5,3.9,1.8,0.4,14.9
300,Jordan Geist,MU,32,33.8,4.8,11,0.44,2,5.8,0.353,3.1,4.1,0.758,2.2,1.8,0.8,3.8,4.6,3,1.1,0,14.8
301,Godwin Boahen,UIC,32,34.2,5,11.5,0.436,2.8,7.5,0.373,2,2.4,0.844,2.4,2.6,0.7,2.8,3.5,3.2,1.2,0.4,14.8
302,Marcus Ottey,UIC,32,31.6,5.6,11.3,0.493,0.8,2.5,0.304,2.9,4,0.732,2.5,2.7,0.6,2.9,3.5,2.4,1.1,0.2,14.8
303,Olin Carter III,USD,31,33.9,5.5,12.5,0.439,2.6,7,0.375,1.3,1.6,0.796,1.5,2.7,0.2,2.7,2.9,1.6,0.8,0.2,14.8
304,Francois Lewis,PC,36,26.9,5,10.7,0.469,2.3,5.8,0.394,2.6,3.4,0.748,1.4,2.8,1.1,3.8,4.9,1.6,0.8,0.2,14.8
305,Jalen Jordan,SFC,33,31.3,4.7,11,0.429,2.7,6.4,0.42,2.7,3.3,0.807,1.6,1.5,0.5,3.1,3.6,1.5,0.5,0.2,14.8
306,Cody John,WSU,33,31.8,5.5,11.5,0.484,1.2,3.5,0.342,2.5,3.3,0.769,1.9,2.3,0.3,3.5,3.8,2.2,0.5,0.2,14.8
307,"Marcus Shaver, Jr.",UP,32,31.4,4.7,11.7,0.404,1.6,4.5,0.359,3.8,4.8,0.784,2.2,2.8,0.5,2.8,3.3,2.2,1.2,0.4,14.8
308,Ignas Brazdeikis,UM,37,29.6,5.1,11,0.462,1.5,3.9,0.392,3.1,4.1,0.773,1.2,2.1,1.2,4.3,5.4,0.8,0.7,0.5,14.8
309,Emmanuel Nzekwesi,ORU,26,27.5,6.2,11.6,0.535,0.3,1.3,0.265,2.1,3.1,0.675,2.1,2.1,2.6,5.8,8.5,1.2,0.7,0.8,14.8
310,Cameron Krutwig,L-IL,34,28.2,6.2,9.9,0.629,0,0.1,0.333,2.3,4,0.578,2.1,2,1.6,5.5,7.2,2.4,0.6,1,14.8
311,Rob Marberry,LIP,34,24.1,6.4,10.1,0.63,0,0,0,2.1,3.1,0.67,0.9,2,1.5,2.6,4.1,1.9,0.5,0.6,14.8
312,Quan Jackson,GSU,31,32,5.1,11.5,0.441,1.5,4.6,0.331,3.1,4.2,0.736,1.8,1.9,0.5,4.1,4.5,1.5,2,0.5,14.8
313,"Darrell Brown, Jr.",BU,35,33.7,4.7,11.9,0.394,2.3,5.1,0.444,3.1,4.3,0.738,2.4,2.1,0.2,1.7,1.9,3.2,0.9,0.1,14.8
314,Raasean Davis,NCCU,34,29.7,6.3,9.7,0.645,0,0,0,2.2,3.2,0.704,2.1,2.8,3.4,5.7,9.1,0.5,0.9,1.2,14.8
315,Dikymbe Martin,UCR,33,32.5,5.4,11.3,0.473,2.1,4.7,0.442,2,2.3,0.855,1.8,1.8,0.2,2.6,2.8,2.6,0.8,0,14.8
316,Alihan Demir,DREX,32,30.3,5.8,11.3,0.512,0.6,2.3,0.274,2.5,3.6,0.696,2.6,2.2,1.6,4.9,6.4,2.9,0.5,0.6,14.8
317,Brandon Childress,WF,31,36.4,4.2,11,0.383,2.4,6.5,0.368,3.9,4.9,0.796,2.7,2.4,0.4,3.4,3.8,4,1.5,0,14.7
318,Vado Morse,MSMU,30,30.8,4.7,11.3,0.417,1.9,5.4,0.356,3.4,4.4,0.779,2.4,2.3,0.4,2.1,2.6,2.9,1.1,0,14.7
319,Nick Rakocevic,USC,33,30,5.8,10.5,0.548,0,0.1,0,3.2,4.7,0.679,1.7,3.2,3.3,6,9.3,1.3,0.8,1.4,14.7
320,Nick Muszynski,BEL,32,24.9,6.2,10.2,0.604,0.2,0.7,0.381,2.1,2.7,0.779,1.6,2,1.2,4.5,5.8,2.7,0.6,2.2,14.7
321,C.J. Elleby,WSU,32,31,5.2,12,0.436,1.7,4,0.414,2.6,3.9,0.661,3,2.6,1.6,5.5,7.1,3,1,0.6,14.7
322,Frankie Ferrari,USF,31,33.9,4.9,11.5,0.426,2.4,5.9,0.401,2.5,3,0.859,2,1.9,0.3,3,3.2,5.5,1.6,0,14.7
323,Ike Smith,GSU,10,29.2,5.6,12.4,0.452,1.5,5.9,0.254,2,3.3,0.606,1.5,1.7,1,4.7,5.7,0.7,0.8,0.5,14.7
324,Cyril Langevine,URI,33,32.4,5.4,9.5,0.567,0,0.1,0,3.9,6.5,0.6,3,3,3.4,6.6,9.9,0.9,0.7,1.4,14.7
325,Naji Marshall,XAV,33,35.9,5,12.8,0.394,1.5,5.2,0.277,3.2,4.4,0.722,3.3,2.7,0.9,6.3,7.2,3.4,1.1,0.2,14.7
326,"Barry Brown, Jr.",KSU,34,35,5.4,12.5,0.434,1.2,4.1,0.298,2.6,3.6,0.71,1.9,2.1,0.4,3.7,4.1,2.8,1.9,0.1,14.6
327,Jordan Roland,NU,34,30.5,4.9,10.9,0.451,2.9,7.2,0.402,1.9,2.1,0.903,0.9,2,0.5,1.9,2.4,1.7,1.2,0.2,14.6
328,Obadiah Noel,UML,31,28.8,5.2,10,0.518,0.8,2.5,0.321,3.5,4.8,0.727,2.2,2.5,1.2,2.3,3.5,2,1.3,0.4,14.6
329,Tristan Clark,BU,14,29.8,6,8.1,0.737,0.1,0.3,0.25,2.6,3.9,0.667,1.6,2.9,2.2,4.1,6.3,1.6,1.1,2.4,14.6
330,Justin Jaworski,LC,30,30.6,4.7,9.4,0.505,2.8,5.8,0.489,2.3,2.7,0.864,2,2,0.5,2.3,2.8,2.7,0.6,0,14.6
331,Kaleb Wesson,OSU,32,25.9,4.9,9.8,0.5,0.8,2.3,0.347,4.1,5.5,0.734,2.3,3.2,2.4,4.5,6.9,1.8,1,0.7,14.6
332,Nick Perkins,UB,36,26.2,5.1,10.9,0.467,1.3,3.4,0.371,3.2,4.7,0.671,1.8,2.3,2,5.4,7.4,0.7,0.5,0.8,14.6
333,Jamari Blackmon,UNA,32,35.3,4.3,13.2,0.325,2.1,7.3,0.291,3.9,5.1,0.767,1.9,2.6,0.8,2.7,3.5,2.7,1.8,0.2,14.6
334,Jesse Hunt,EWU,34,32.4,5.1,10.4,0.487,1.5,3.5,0.42,2.9,3.9,0.752,2,2.8,1.5,7.2,8.7,3.3,0.6,0.6,14.6
335,"Kerwin Roach, Jr.",UT,31,29.2,5,11.5,0.439,1.7,4.9,0.355,2.8,4,0.688,2.3,2.3,0.6,3.6,4.3,3.2,1.2,0.3,14.6
336,Mustapha Heron,STJ,31,31.7,4.9,11.2,0.44,1.5,3.8,0.403,3.2,4.2,0.754,2.3,3.1,1,3.7,4.6,1.3,1.1,0.2,14.6
337,John Carroll,UHA,30,31.8,5,11.4,0.44,1.2,3.4,0.356,3.4,4.7,0.721,2.3,3.1,1.9,4.9,6.8,2.1,0.7,0.5,14.6
338,Jordan Barnes,ISU,30,33.1,4.5,12,0.375,1.9,5.7,0.333,3.7,4.2,0.866,2.6,2.1,0.5,3.6,4.1,3.2,1.2,0.1,14.6
339,Charles Bassey,WKU,34,31.4,5.5,8.8,0.627,0.3,0.6,0.45,3.2,4.2,0.769,2.9,2.6,2.9,7.1,10,0.7,0.8,2.4,14.6
340,Christian James,OU,34,33.1,5.1,12.3,0.411,2,5.9,0.347,2.4,3.1,0.766,1.9,1.9,1.1,5.1,6.2,1.9,1.2,0.2,14.6
341,Charles Minlend,USF,31,30.3,5.1,12.3,0.416,1.4,4.9,0.288,2.9,4.1,0.695,1.5,1.4,1.3,3.4,4.7,1.7,0.9,0.5,14.5
342,Alex Petrie,LC,30,22.3,5.3,12.8,0.41,2.2,5.4,0.399,1.8,2.3,0.786,1.1,0.6,0.3,1.6,1.9,1,0.3,0,14.5
343,Cameron Jackson,WC,35,23.3,5.7,9.9,0.573,0.2,0.6,0.4,2.9,4.7,0.616,2.1,2.8,2.6,5,7.6,2.8,1.5,1,14.5
344,Justin Kier,GMU,33,34.8,5.2,11,0.471,1,2.7,0.371,3.1,4.1,0.769,2.7,2,0.5,6.1,6.5,2.6,1.6,0.3,14.5
345,Tyler Cook,UI,33,30.8,5.3,10.3,0.51,0,0.2,0,3.9,6.1,0.644,2.8,2.3,2.2,5.5,7.6,2.4,0.7,0.5,14.5
346,"Lance Tejada, Jr.",LU,31,30.3,4.8,11.5,0.419,2.7,6.5,0.419,2.1,2.6,0.79,2.2,2.9,0.4,2,2.4,3.2,0.8,0,14.5
347,DeJuan Clayton,CSU,31,34.4,4.6,11.5,0.399,1,4.2,0.24,4.3,5.8,0.749,2.8,1.9,0.3,2.6,2.9,3.8,0.9,0.1,14.5
348,Roydell Brown,MSU,23,30.6,5.5,10.3,0.532,0.2,1,0.227,3.3,5.2,0.633,2.7,1.8,2.8,6.7,9.5,1.5,0.9,0.3,14.5
349,Nik Popovic,BC,28,29.6,5.8,11,0.526,0.4,1.5,0.256,2.5,3.5,0.714,2.1,2.8,2.4,4.8,7.2,1.1,0.5,0.8,14.5
350,Josh Williams,RMU,35,32.3,4.6,11.8,0.391,2.9,7.8,0.379,2.3,2.9,0.767,2.3,2,0.5,2.3,2.9,2.4,1,0.1,14.5
351,Jordan Murphy,U of M,36,31.1,4.8,9.9,0.487,0.2,0.8,0.267,4.6,6.7,0.683,2.2,2.8,3.3,7.8,11,2.6,0.6,0.8,14.4
352,L.J. Figueroa,STJ,34,32,5.9,11.4,0.513,1.5,3.9,0.383,1.2,2,0.627,1.3,2.5,1.5,4.8,6.4,1.7,1.8,0.2,14.4
353,Kyle Lofton,STBN,34,37.4,5.2,11.8,0.441,1.1,3.4,0.33,2.9,3.4,0.838,1.9,2.1,0.9,1.6,2.5,3.7,1.4,0.1,14.4
354,Taveion Hollingsworth,WKU,34,36.8,5.1,12.3,0.418,1.4,4.5,0.318,2.7,3.5,0.771,2.1,1.4,1,3.4,4.4,2.2,1.2,0.2,14.4
355,Anthony Mathis,UNM,32,30.8,4.2,10.2,0.411,3.3,8,0.416,2.7,3.1,0.888,1.9,2.5,0.4,1.8,2.2,2.1,1.1,0.2,14.4
356,Tyler Sharpe,NKU,35,32.1,4.4,10.4,0.424,2.6,6.7,0.383,3,3.9,0.779,1.2,2.4,0.5,2.5,3,1.8,1.5,0.1,14.4
357,Stanley Umude,USD,30,26.6,5.2,10.6,0.491,0.9,2.5,0.351,3.1,4.5,0.701,1.7,3,1.1,4.4,5.5,1.4,0.7,1.2,14.4
358,Obi Toppin,DAY,33,26.5,6.1,9.2,0.666,0.3,0.6,0.524,1.9,2.6,0.713,1.9,2.1,1.5,4.1,5.6,1.8,0.6,0.8,14.4
359,Jomaru Brown,EKU,31,24.8,5.1,11.6,0.439,1.2,3.7,0.33,3,4.4,0.676,2.7,3.1,0.6,2.4,3,2.2,1.9,0.1,14.4
360,Jr. Clay,TTU,29,31.6,4.8,11.7,0.411,1.3,3.4,0.394,3.4,4.8,0.719,4,1.8,0.8,3,3.8,4.3,1.8,0.1,14.4
361,Levi Bradley,NIU,34,29.2,5.4,11,0.493,0.9,2.4,0.361,2.6,3.2,0.826,1.5,2.6,1.5,3.7,5.2,1.3,0.6,0.3,14.4
362,Justice Sueing,Cal,31,34.5,4.5,10.5,0.432,1.1,3.7,0.302,4.2,5.3,0.782,1.7,2.5,1.5,4.5,6,1.9,1.7,0.5,14.3
363,George Blagojevic,UHA,32,33.5,5.8,10.3,0.562,0.2,0.9,0.207,2.6,4.4,0.577,2.6,2.7,2.6,4.9,7.5,1.9,1.2,0.9,14.3
364,Edric Dennis,UTA,30,28.4,4.4,12.5,0.349,2.1,6.9,0.306,3.5,4.6,0.759,2.5,2.4,1.1,3.4,4.5,2.3,0.8,0.1,14.3
365,Nic Thomas,NSU,34,29.7,4,10.8,0.374,2.5,6.4,0.394,3.7,4.6,0.808,2.1,2.5,0.7,2.6,3.3,1.6,0.8,0.1,14.3
366,Kevin Obanor,ORU,28,22.4,4.7,8.1,0.581,0.9,2.2,0.413,3.9,4.8,0.827,1.6,2.5,2.5,4.6,7.2,0.5,0.1,0.3,14.3
367,Donte Fitzpatrick,TSU,26,28.2,4.8,10.7,0.446,1.5,4,0.381,3.2,4.3,0.741,2.6,2.4,1.2,4.2,5.4,1.5,0.7,0.3,14.3
368,Zane Najdawi,CIT,30,29.7,5.1,10.4,0.494,0.9,3,0.289,3.1,4.3,0.729,2,2.9,2.5,4.8,7.3,1.5,0.8,2,14.3
369,Carlos Johnson,GCU,34,24.3,4.9,10,0.49,0.9,2.9,0.327,3.6,4.6,0.781,2.7,2.6,1.4,2.7,4.1,1.6,0.9,0.1,14.3
370,Tulio Da Silva,MSU,27,32.1,5.6,10,0.554,0.6,1.7,0.37,2.5,3.9,0.654,2,2.6,2.3,5.1,7.4,0.7,1,0.8,14.3
371,Christian Vital,UConn,33,30.2,4.5,10,0.453,2.4,5.8,0.409,2.8,3.4,0.812,2.3,2.5,1,4.6,5.6,2.4,1.6,0,14.2
372,Chad Lott,HU,30,30.4,5.7,11.8,0.482,0.5,1.2,0.429,2.3,3.4,0.68,3,2.4,1.4,3.6,5.1,2.3,0.7,0.7,14.2
373,Brandon Boyd,ISU,30,30,5,12.1,0.41,1.2,4,0.292,3.1,3.9,0.797,2.5,1.7,0.4,2,2.5,3.6,1,0.1,14.2
374,Paul Jackson,EMU,32,34.9,5.2,13.8,0.375,0.7,2.8,0.231,3.2,4.6,0.707,2.8,2.8,0.5,1.5,2,4.7,1.3,0,14.2
375,Daniel Utomi,AKR,33,33.5,4.9,12.2,0.403,2.8,7.5,0.373,1.6,2.3,0.675,1.8,2.5,1.1,4.3,5.5,1.3,0.6,0.4,14.2
376,Kevin Easley,UTC,29,28.1,5.3,12,0.444,1.7,4.3,0.397,1.9,2.9,0.651,2,1.9,1.7,4.9,6.7,1.2,0.7,0.3,14.2
377,E.J. Anosike,SHU,32,29,4.9,9.4,0.518,0.6,1.7,0.358,3.8,5.1,0.755,1.5,2.5,3.3,4.8,8.1,0.9,0.6,0.5,14.2
378,Tre'Larenz Nottingham,TSU,34,31.4,4.3,12.1,0.356,2.6,8.3,0.31,3,3.9,0.769,2.3,2.4,0.4,3.5,3.9,2.1,1.2,0.1,14.2
379,Fatts Russell,URI,32,34,4.7,13.8,0.338,1.2,5.6,0.223,3.6,4.9,0.737,2.3,2.5,0.6,2.2,2.7,3.7,1.8,0.3,14.2
380,Terrell Brown,SEA,33,33.4,5.5,12,0.456,0.5,1.4,0.333,2.7,4,0.682,2.4,2.7,1.4,5.4,6.8,4.5,1.1,0.3,14.2
381,Jaylen Hands,UCLA,33,31.2,4.8,11.6,0.413,2,5.4,0.373,2.6,3.3,0.78,3.2,1.2,0.4,3.3,3.7,6.1,1.3,0.2,14.2
382,Alex Copeland,YALE,30,28.7,5.3,10.4,0.514,0.9,2.4,0.375,2.6,3.1,0.837,1.8,1.3,0.3,2,2.3,3.4,1.2,0,14.1
383,Lagerald Vick,KU,23,33,5.1,10.8,0.476,2.9,6.3,0.455,1,1.3,0.767,2.5,1.3,0.5,3.5,4,1.9,1.2,0.2,14.1
384,Cletrell Pope,BCU,31,29.9,5.5,9.1,0.608,0.1,0.4,0.273,2.9,5.7,0.506,2,3.5,4.3,7.8,12.2,0.7,0.8,1.2,14.1
385,Kris Clyburn,UNLV,31,31.5,4.9,11.4,0.435,1.8,5.1,0.35,2.5,3.2,0.76,1.9,1.7,1.6,3.6,5.3,1.2,1,0.2,14.1
386,Schadrac Casimir,FGC,32,30.8,4.2,8.7,0.48,2.3,4.8,0.477,3.4,3.9,0.879,2.1,1.4,0.5,2.1,2.6,2.4,1,0,14.1
387,Jeremy Harris,UB,36,31.2,5.4,12.9,0.419,1.7,6.4,0.27,1.5,2.1,0.724,1.6,1.5,1.3,4.9,6.2,3,1.1,0.7,14.1
388,Teyvion Kirk,OU,31,30.5,5.6,13.4,0.419,0.3,1.5,0.213,2.5,4.8,0.527,4.4,2.7,1.5,4,5.5,2.5,1.3,0.2,14.1
389,John Mooney,ND,33,29.6,5.2,11.3,0.455,1,2.8,0.374,2.7,3.5,0.769,1.3,2,2.9,8.3,11.2,1.3,0.9,0.8,14.1
390,Koreem Ozier,SHU,23,28.4,4.7,12.5,0.378,1.9,5.7,0.338,2.7,3.5,0.753,2,2.8,0.7,4,4.7,1.5,0.8,0,14
391,Cortez Seales,UND,30,31.7,5.8,12.3,0.47,0.4,1.8,0.226,2,3.1,0.649,2,1.2,1.2,3.6,4.8,3.1,0.7,0.4,14
392,Tre'von Allen,U of I,32,30.2,5.4,12.7,0.425,1.4,4.3,0.326,1.8,2.5,0.734,2,1.6,0.3,3.8,4.2,3.1,0.7,0.1,14
393,Justinian Jessup,BSU,33,35.5,5.1,11.5,0.445,2.6,6.4,0.41,1.2,1.6,0.731,1.3,2.3,0.5,4,4.5,2.7,1.1,0.5,14
394,Morgan Means,SEA,33,35.3,4.3,11,0.393,1.9,5.1,0.369,3.5,4.1,0.852,2.4,3.5,0.7,3.7,4.3,3,1.2,0,14
395,Tyler Herro,UK,37,32.6,5,10.9,0.462,1.6,4.6,0.355,2.4,2.5,0.935,1.6,1.3,0.4,4.1,4.5,2.5,1.1,0.3,14
396,Torin Dorn,NCST,36,28.5,5.8,12.1,0.482,0.6,2.1,0.303,1.8,3,0.589,1.4,1.4,2.2,5,7.2,1.2,1,0.2,14
397,Nick Norton,DU,14,32,4.6,9.7,0.478,2.3,5.7,0.4,2.4,2.6,0.919,1.7,1.8,0.2,3.9,4.1,5.9,1.2,0,14
398,Shabooty Phillips,LONG,34,31.3,4.4,10.8,0.404,2.2,6.4,0.343,3.1,3.5,0.89,2.4,2.4,0.3,4.4,4.7,3.8,1,0,14
399,Dererk Pardon,NU,32,33.1,5.4,9.5,0.571,0.2,0.9,0.214,3,4.3,0.683,1.4,2.7,3,4.8,7.8,1.8,0.8,0.9,14
400,"Eric Williams, Jr.",DUQ,32,30.8,4.7,11.1,0.424,1.8,4.7,0.371,2.8,3.7,0.748,1.7,1.9,2.9,4.7,7.6,1.4,1.1,0.2,14
401,Triston Simpson,USD,30,37.1,4.3,10.3,0.419,1.5,4.3,0.354,3.8,4.7,0.796,2.1,2.2,0.6,3.1,3.7,3.6,1.2,0.1,14
402,Loren Jackson,AKR,33,31.6,4.2,12,0.345,2,6.7,0.3,3.6,4.5,0.805,1.8,2,0.8,2,2.8,3.1,0.9,0.2,13.9
403,Kouat Noi,TCU,31,30.2,4.9,11.5,0.43,2.4,6.7,0.356,1.7,2.1,0.788,1.5,2,1.8,3.2,4.9,1.2,1.2,0.3,13.9
404,Jacob Grandison,HC,33,34.6,5.1,11.9,0.429,2.1,5.7,0.365,1.6,2,0.8,1.9,2.2,0.8,4.2,5,2.9,1.1,0.3,13.9
405,Joe Sherburne,UMBC,34,36.5,5.3,11.1,0.479,1.8,4.6,0.387,1.5,1.7,0.877,1.8,2.1,1.6,3.9,5.6,3,0.9,0.1,13.9
406,Savion Flagg,TAMU,32,34.8,5.3,11.4,0.467,1.4,4.2,0.338,1.8,2.7,0.663,2.6,1.3,2.1,5.6,7.7,2.3,0.7,0.3,13.9
407,Carlos Dotson,WCU,31,27.7,5.5,9.2,0.596,0,0,0,2.9,5.5,0.526,3.4,3.2,3.1,6.3,9.5,1.5,0.7,0.5,13.9
408,Devon Goodman,PENN,31,35.5,5.1,10.7,0.477,1.8,4.9,0.375,1.8,2.7,0.687,2.2,2.6,0.8,2.5,3.3,2.3,1.7,0.2,13.9
409,Isaiah Joe,U of A,34,30.1,4.4,10.5,0.413,3.3,8,0.414,1.8,2.4,0.756,1.2,1.9,0.6,2.2,2.8,1.8,1.5,0.1,13.9
410,Ishmael Lane,NSU,31,28.1,5.4,10.7,0.503,0.5,2.1,0.262,2.5,4.2,0.605,2.3,2.2,2.4,7.1,9.5,1.4,0.8,2.2,13.8
411,Brandon Jackson,SIUE,31,29.4,5.6,10.8,0.518,0.4,1.3,0.282,2.3,3.5,0.636,1.9,2.5,2.8,3.6,6.4,0.4,0.5,0.3,13.8
412,Brandon Kamga,HP,24,29.7,5.2,11.8,0.438,1.6,4.6,0.351,1.9,3,0.625,1.8,2.4,1.2,4,5.2,1.8,1,0.6,13.8
413,Andrew Fleming,UM,28,36.5,5.5,11.5,0.478,0.9,2.6,0.329,2,3.5,0.561,2.8,2.4,1.9,5.2,7,3.1,1.2,0.8,13.8
414,Tyree Griffin,USM,33,34.5,5,11.5,0.435,1.6,4.4,0.372,2.2,3,0.72,2.6,1.7,0.5,2.9,3.4,7.1,2,0.1,13.8
415,Kareem South,TAMU-CC,32,32.6,4.8,11.7,0.413,1.6,4.3,0.367,2.5,3.1,0.827,1.4,2.2,1.8,3.3,5.1,2,1.2,0.1,13.8
416,Ayo Dosunmu,U of I,32,31.2,5.1,11.7,0.436,1.6,4.4,0.352,2.1,3,0.695,2.2,2,0.7,3.3,4,3.2,1.2,0.2,13.8
417,Ernie Duncan,UVM,32,29.6,4.4,9.3,0.478,2.5,5.6,0.439,2.5,3,0.832,1.5,1.9,0.2,1.5,1.7,2,0.7,0.2,13.8
418,Bernie Andre,NAU,31,29.9,5.1,11.4,0.449,0.9,2.8,0.33,2.7,3.6,0.741,1.9,2.4,2.4,6.1,8.5,1.2,0.7,0.3,13.8
419,Jaren Lewis,ACU,34,31.1,5.2,11.2,0.466,0.4,1.2,0.333,2.9,4,0.728,1.8,1.9,2.3,3.9,6.1,2.7,1.6,0.6,13.8
420,Eugene Omoruyi,RU,28,29.2,5,11.3,0.445,0.5,1.6,0.311,3.2,4.5,0.714,2.5,3,2.3,4.9,7.2,2.4,0.7,0.2,13.8
421,Darius Quisenberry,YSU,32,27.2,4.4,10.8,0.41,1.6,5,0.319,3.3,4.2,0.797,2,2.2,0.4,2.6,2.9,3.8,1.3,0,13.8
422,Kyle Leufroy,LU,31,31.2,4.4,9.3,0.467,1.8,4.2,0.427,3.3,3.6,0.91,2.3,1.7,0.4,4.8,5.2,3.4,1.1,0.1,13.8
423,Gavin Peppers,NSU,25,31,4.3,10.5,0.408,2.3,5.9,0.385,2.9,3.2,0.924,2.4,2.1,0.6,2.3,2.9,2.1,0.9,0.1,13.8
424,Matthew Wilson,USMA,32,26.5,5.8,10,0.586,0,0,0,2.1,3.3,0.617,1.5,2.2,1.8,6.8,8.6,0.4,0.3,0.2,13.8
425,Tyler Scanlon,BU,32,33.4,5.2,11.2,0.462,1.6,4.6,0.342,1.9,2.3,0.8,2.2,1.5,0.9,4.1,5,3.3,1.4,0.2,13.8
426,Gabe Stefanini,COM,28,31.9,5.1,11.8,0.429,1.5,3.5,0.423,2.1,2.8,0.779,3,2.4,0.6,4.7,5.3,4.1,1.5,0.1,13.8
427,Hunter Maldonado,UW,8,32.5,5.2,12.5,0.42,1.4,4.1,0.333,1.9,3,0.625,2,2.6,1.5,5.2,6.8,2.2,1.1,0.5,13.8
428,Josip Vrankic,SCU,31,32.4,5,9.7,0.52,0.5,1.8,0.309,3.1,4.3,0.729,2.2,2.6,1.7,4.5,6.2,1.3,0.9,0.9,13.7
429,Maurice Howard,ASU,31,36.4,4.6,11,0.424,3.1,7.5,0.406,1.4,1.5,0.896,3.5,1.6,0.4,2.9,3.3,3.5,1.2,0.1,13.7
430,D.J. Williams,GW,31,33.5,5.1,12.7,0.401,0.9,3,0.298,2.6,4,0.656,2,1.5,0.8,4,4.7,1.2,0.7,0.3,13.7
431,Trent Frazier,U of I,32,30.5,4.6,11.2,0.411,2.5,6.2,0.406,2,2.6,0.759,2,2.3,0.3,2,2.3,2.6,1.4,0,13.7
432,Tramaine Isabell,SLU,35,32.6,4.7,11.4,0.411,1.5,4.7,0.325,2.8,3.9,0.71,3,1.7,1.1,3,4.1,3.6,1.2,0.1,13.7
433,Jalen Tate,NKU,31,27,5.1,9.5,0.539,0.8,1.9,0.407,2.7,4.4,0.61,2.5,3,1,3.4,4.4,4.1,1.2,0.7,13.7
434,Elijah Hughes,SU,34,32.6,4.6,10.8,0.421,2.6,6.9,0.369,2,2.7,0.742,1.9,2.1,0.7,3.6,4.3,1.5,1.2,0.8,13.7
435,Anthony Harris,CSU,30,33.1,4.3,9.9,0.432,0.9,2.7,0.341,4.2,5.5,0.774,3.2,2.9,0.7,4.5,5.2,2,1.4,0.4,13.7
436,Dante Thorpe,NIU,33,32.3,5.1,9.6,0.528,0.8,2.1,0.4,2.7,3.3,0.8,1.9,2.4,0.5,2.3,2.8,2.5,1.1,0,13.7
437,Ethan Thompson,OSU,31,34.4,4.3,9.7,0.444,1.4,3.8,0.359,3.7,4.6,0.797,2.4,2.6,1.2,3.8,5,3.9,0.9,0.5,13.7
438,Jeantal Cylla,UNCW,33,28.2,4.7,11.1,0.427,1,3.2,0.311,3.2,3.8,0.848,1.4,2.6,1.5,3.1,4.6,0.5,0.5,0.5,13.7
439,Malik Maitland,BCU,29,29.8,4.6,12.3,0.376,1.5,4.8,0.319,2.9,3.4,0.84,2.4,2,0.8,2.1,2.8,4.4,1.9,0,13.7
440,Glynn Watson,UNL,36,34.4,4.9,11.9,0.414,2.3,5.9,0.383,1.5,1.9,0.791,1.4,2.5,0.4,3.7,4.1,3.1,1.1,0.1,13.6
441,JayQuan McCloud,UWGB,36,27.2,4.6,10.3,0.444,2.1,5.4,0.393,2.3,2.8,0.832,1.6,2.1,0.6,2.1,2.7,2.3,0.7,0.3,13.6
442,Marcus Evans,VCU,33,26.8,4.2,9.8,0.427,1.2,4.5,0.273,4,5.2,0.773,2.7,2.4,0.5,2.7,3.1,3.2,2,0.2,13.6
443,Mitchell Hahn,UNO,32,31.9,5.2,11.1,0.468,1.8,4.7,0.376,1.5,1.9,0.774,1.4,2.2,0.9,5.4,6.3,1.7,0.5,0.2,13.6
444,Sagaba Konate,WVU,8,24.1,4.6,10.6,0.435,1.1,2.9,0.391,3.2,4,0.812,2.1,3.2,1.9,6.1,8,1.4,0.8,2.8,13.6
445,Mason Jones,U of A,34,29.3,4,9.9,0.404,2.2,6.1,0.365,3.4,4.2,0.804,1.8,2.3,0.5,3.4,3.9,2.7,0.9,0.2,13.6
446,Naz Reid,LSU,34,27.2,5,10.7,0.468,0.8,2.5,0.333,2.7,3.8,0.727,2.5,3.2,2.5,4.7,7.2,0.9,0.7,0.7,13.6
447,Isaiah Wright,USD,31,37.8,4.4,10,0.441,1.6,4.8,0.327,3.2,4.1,0.786,2.9,2.6,0.3,3.7,4.1,4.7,1.4,0,13.6
448,Evan Gilyard,UTEP,28,32.6,4.3,11.4,0.375,2,5.5,0.355,3.1,4.2,0.723,2.1,2.2,0.8,2.4,3.1,1.7,0.7,0,13.6
449,Jahlil Jenkins,FDU,35,36.9,4.6,10.7,0.428,1.2,3.7,0.328,3.2,3.6,0.881,2.1,1.5,0.2,2.9,3.1,4.5,1.6,0.1,13.6
450,K.J. Riley,UE,32,32.9,3.9,9.2,0.425,0.3,1.7,0.17,5.5,7.6,0.721,3.2,3,0.8,4.2,5,3,1.2,0.4,13.6
451,Kameron Gibson,WCU,32,30.8,5,10.8,0.458,2.4,6,0.404,1.2,1.8,0.684,2.2,3.1,0.4,1.7,2.1,1.9,0.5,0.2,13.6
452,Bruno Fernando,UMD,34,30,5.1,8.4,0.607,0.1,0.3,0.3,3.3,4.3,0.779,2.8,2.7,2.9,7.7,10.6,2,0.6,1.9,13.6
453,D.J. Laster,GWU,34,26.4,5.6,10.2,0.552,0.7,1.6,0.411,1.6,2.5,0.655,1.5,2.4,2,3.4,5.4,0.4,0.4,0.6,13.6
454,LaMontray Harris,MSU,29,27.7,5.4,10.4,0.525,0.5,1.8,0.294,2.2,2.8,0.778,2.1,2.8,2.8,5.4,8.2,1.6,0.6,0.6,13.6
455,Jordan Cohen,LU,31,31.8,4.4,8.4,0.523,1.5,3.2,0.475,3.3,3.8,0.864,2,2.2,0.7,3.1,3.8,3.6,1.3,0.4,13.6
456,Chris Porter-Bunton,APSU,31,27,4.6,9.5,0.491,1.2,2.7,0.429,3.1,4.5,0.698,2.2,3.1,0.8,4.1,4.9,2,1.4,0.3,13.6
457,David McFarland,SIUE,31,29.8,4.6,11.3,0.406,1.6,5.4,0.304,2.8,3.6,0.775,1.6,2.5,0.8,2.9,3.8,1.6,1.6,0.4,13.6
458,Nathan Hoover,WC,35,28.6,4.4,9.6,0.457,2.6,5.6,0.469,2.2,2.4,0.906,0.7,1.4,0.3,2.2,2.5,1,0.6,0,13.6
459,Ty Jerome,UVA,37,34,4.8,11.1,0.435,2.1,5.4,0.399,1.8,2.5,0.736,1.6,1.8,0.5,3.8,4.2,5.5,1.5,0,13.6
460,Trhae Mitchell,USA,34,34.2,5.1,10.8,0.478,1,2.4,0.42,2.3,3.5,0.647,2.4,2.8,1.4,6.2,7.6,3.6,1.1,2.1,13.6
461,Myles Stephens,PRIN,27,33.4,5,11.9,0.424,0.8,3.3,0.25,2.7,3.6,0.735,1.9,2.1,1,5.3,6.4,1.1,0.9,0.6,13.6
462,Dante Scott,MVSU,31,31.8,4.6,12.1,0.383,1.3,3.6,0.345,3,4.2,0.721,1.6,2,1.3,3.9,5.2,1.8,0.7,0.2,13.5
463,Quinton Adlesh,COM,28,31.4,5.2,12.2,0.427,2.5,6.7,0.372,0.6,0.9,0.708,2,2.3,0.1,2.5,2.6,2.5,1.6,0,13.5
464,Martin Krampelj,CU,35,25.3,5.1,8.5,0.592,0.7,2,0.371,2.7,4.2,0.633,1.6,2.8,1.7,5.2,6.9,0.8,1.1,0.8,13.5
465,Tyler Bey,CU,36,26.3,5.1,9.4,0.54,0.1,0.6,0.227,3.2,4.1,0.782,1.9,2.3,2.1,7.7,9.9,0.6,0.8,1.2,13.5
466,Cameron Tyson,U of I,32,25.4,4.4,10.6,0.419,3.3,7.7,0.429,1.3,1.5,0.875,1.5,1.8,0.4,1.6,1.9,0.8,0.5,0.1,13.5
467,Ruben Guerrero,SU,33,29.9,5.7,9.3,0.611,0,0,0,2.2,3.3,0.651,2,2.9,3.3,5.1,8.4,0.6,0.6,2.1,13.5
468,Josh McFolley,UDM,31,33.4,4.4,10.1,0.43,2.1,5.4,0.393,2.6,3.5,0.766,1.7,2.3,0.4,1.7,2.1,2.6,1.8,0.2,13.5
469,Lindell Wigginton,ISU,25,26,3.9,9.4,0.415,1.8,4.7,0.39,3.8,5.3,0.72,2,2,0.7,3.3,4,2.1,0.8,0.4,13.5
470,Cam Reddish,DUKE,36,29.7,4.3,12,0.356,2.5,7.4,0.333,2.4,3.2,0.772,2.7,2.4,0.6,3.1,3.7,1.9,1.6,0.6,13.5
471,Kira Lewis,UA,34,31.6,4.6,10.7,0.431,1.6,4.4,0.358,2.6,3.4,0.783,2.2,1.8,0.4,2.2,2.6,2.9,0.8,0.3,13.5
472,Tyrn Flowers,LIU,32,31.8,5.1,10.7,0.472,2.3,6,0.389,1,1.5,0.653,1.5,2.1,1.7,4.9,6.6,2,1.2,1.4,13.5
473,Jordan Bone,UT,37,32.9,5,10.8,0.465,1.4,3.8,0.355,2.1,2.5,0.835,2,1.3,0.5,2.7,3.2,5.8,0.7,0.1,13.5
474,Keldon Johnson,UK,37,30.7,4.6,10.1,0.461,1.2,3.2,0.381,2.9,4.2,0.703,1.6,2.2,1.3,4.5,5.9,1.6,0.8,0.2,13.5
475,Tahjai Teague,BSU,33,28.2,5.3,9.6,0.55,0.4,1.5,0.26,2.5,3.7,0.669,2.2,3.1,1.9,5.5,7.5,1.2,1.3,0.9,13.5
476,Jaquan Dotson,SST,31,31.4,4.6,10.4,0.446,2,6.4,0.315,2.2,3,0.713,2,2.2,2.4,4.4,6.8,2,1.3,0.5,13.5
477,Louis King,UO,31,30.4,4.8,11,0.435,1.9,4.9,0.386,2,2.5,0.785,2.1,2.5,1.3,4.2,5.5,1.3,0.9,0.2,13.5
478,Isaiah White,UM,31,33.5,5.1,12.5,0.411,1.7,5.9,0.297,1.5,2,0.738,2,2.2,0.5,3.1,3.6,1.6,1.4,0.7,13.5
479,T.J. Gibbs,ND,32,36.1,4.3,12.4,0.347,2.1,6.6,0.318,2.7,3.6,0.757,1.2,2,0.4,1.5,1.9,3.4,1.2,0.1,13.4
480,Skylar Mays,LSU,35,33.1,4.1,9.7,0.421,1.6,5,0.312,3.7,4.3,0.86,1.2,1.7,0.4,2.9,3.3,2.1,1.9,0.2,13.4
481,Elijah Minnie,EMU,30,32.3,4.7,11.5,0.413,2.4,7.3,0.326,1.6,2,0.783,1.9,2.4,0.9,3.6,4.5,1.1,1.6,1.2,13.4
482,"Edward Polite, Jr.",RU,33,33.5,4.9,9.6,0.516,0.8,2.5,0.321,2.7,3.7,0.744,1.6,2.2,2.4,7.2,9.5,1.6,1.5,1.2,13.4
483,James Akinjo,GU,33,31.6,3.9,10.6,0.365,1.6,4,0.391,4.1,5,0.812,3,2.5,0.2,2.7,2.9,5.2,1.1,0,13.4
484,A.J. Lawson,USC,29,30.5,4.5,10.9,0.411,1.7,4.6,0.358,2.8,4.1,0.667,2.6,2,0.9,3.4,4.3,2.9,1.1,0.2,13.4
485,LaQuincy Rideau,USF,35,32.1,4.6,11.3,0.409,1.5,4.6,0.338,2.6,4.7,0.549,3.6,3.6,0.9,2.8,3.7,5.4,2.9,0.1,13.4
486,Cam Delaney,SHSU,33,31.5,4.4,9.4,0.466,2.3,5.4,0.435,2.2,2.7,0.822,1.6,2.1,1.6,3.9,5.5,2,0.9,0.5,13.4
487,Derrick Alston,BSU,33,27.9,4.4,9.1,0.485,1.7,4.4,0.384,2.9,3.5,0.819,1.5,2,0.6,3.3,3.9,1.1,0.4,0.4,13.4
488,Armoni Brooks,U of H,37,30.7,4.6,11.5,0.405,3.3,8.4,0.39,0.8,1.2,0.63,0.9,1.6,1.1,5.2,6.3,0.9,0.8,0.3,13.4
489,Xavian Stapleton,FAU,26,22.5,4.6,10.1,0.458,2.2,6,0.369,1.9,2.3,0.803,1.3,2.8,1.3,3.4,4.7,0.7,1,0.4,13.3
490,Sam Iorio,AU,27,37.3,4.7,11.1,0.421,2.3,6.6,0.348,1.7,2.1,0.821,1.3,1.4,1.1,5.4,6.5,2,1,0.9,13.3
491,Randy Miller,NCCU,34,28.6,4.1,9.8,0.419,1.9,5.2,0.371,3.2,4,0.807,2,1.9,0.4,2,2.4,1.9,0.9,0,13.3
492,Josh Cunningham,DAY,31,29.4,5,7.9,0.639,0.2,0.5,0.429,3,4.9,0.623,2.1,2.4,1.7,4.5,6.2,1.5,0.6,0.1,13.3
493,Nate Pierre-Louis,TEM,33,34.3,4.6,10.1,0.459,0.8,2.5,0.31,3.2,4.8,0.667,1.7,2.3,1.3,4.5,5.8,2.1,1.6,0.3,13.3
494,Quintin Dove,UTM,31,23.8,5.2,8.6,0.597,0.3,0.9,0.357,2.6,3.2,0.81,1,3.3,2.6,2.6,5.2,0.4,0.9,0.5,13.3
495,Mfiondu Kabengele,FSU,37,21.6,4.4,8.8,0.502,0.6,1.8,0.369,3.7,4.9,0.761,1.3,2.6,2.1,3.8,5.9,0.3,0.6,1.5,13.2
496,Tajuan Agee,IC,33,27.5,4.6,10,0.458,1.1,3,0.357,3,4.1,0.728,2.4,3.6,1.8,6.2,8,1.2,1,0.7,13.2
497,"Ivy Smith, Jr.",GSU,33,31,3.6,8.8,0.405,0.7,2.3,0.32,5.3,6.5,0.819,3.5,2.2,0.7,2.7,3.3,4.9,1.8,0.3,13.2
498,Ithiel Horton,UD,33,32.6,4.6,10.6,0.433,2.4,5.8,0.409,1.7,2.1,0.786,1.4,2.2,0.4,2.7,3.1,1.6,1,0.1,13.2
499,Brendan Barry,DART,30,35.6,4.5,9.7,0.466,2.7,6.1,0.445,1.4,1.7,0.843,1.5,1.5,0.2,3,3.2,3.2,1.1,0.2,13.2
500,Haanif Cheatham,FGC,10,27.3,4.9,10.8,0.454,0.8,2.2,0.364,2.6,4,0.65,2.4,1.2,0.4,4.4,4.8,1.9,1.2,0.2,13.2